District IRN,District Name,County,Region,Achievement Component Star Rating,Performance Index Percent 2023-2024,Performance Index Score 2023-2024,Maximum District Performance Index Score 2023-2024,Percent of Students Not Tested,Percent of Students Limited,Percent of Students Basic,Percent of Students Proficient,Percent of Students Accomplished,Percent of Students Advanced,Percent of Students Advanced Plus,Performance Index Score 2022-2023,Performance Index Score 2021-2022,Number of General Education Teachers FTE,Expenditures per Equivalent Pupil - State and Local Funds
000442,Manchester Local,Adams,Region 14,3  Stars,74.0,80.8,109.3,0.3,20.2,21.7,29.3,17.5,10.8,0.2,82.1,77.4,40,"   $10,248"
043489,Akron City,Summit,Region 8,2  Stars,58.0,63.4,109.3,0.9,43.0,20.2,18.5,10.4,6.9,0.0,61.2,58.7,1008,"   $12,626"
043497,Alliance City,Stark,Region 9,2  Stars,66.5,72.6,109.3,1.2,31.3,20.1,22.6,12.9,10.6,1.3,72.8,72.6,138,"    $9,656"
043505,Ashland City,Ashland,Region 7,4  Stars,84.3,92.1,109.3,0.2,13.8,13.9,25.3,20.6,24.0,2.1,92.7,92.0,135,"    $9,780"
043513,Ashtabula Area City,Ashtabula,Region 5,2  Stars,58.2,63.6,109.3,1.1,41.3,21.6,19.6,10.4,5.4,0.6,66.3,64.2,121.4,"    $9,615"
043521,Athens City School District,Athens,Region 16,3  Stars,78.9,86.2,109.3,1.6,19.8,14.2,20.6,19.0,20.6,4.3,86.6,81.9,106.5,"   $11,836"
043539,Barberton City,Summit,Region 8,2  Stars,69.0,75.3,109.3,1.4,28.3,19.1,22.5,16.2,12.0,0.5,78.1,77.1,160,"   $11,497"
043547,Bay Village City,Cuyahoga,Region 3,5  Stars,97.1,106.1,109.3,0.1,3.1,6.8,21.4,28.5,37.7,2.4,106.6,104.9,125,"   $14,435"
043554,Beachwood City,Cuyahoga,Region 3,5  Stars,96.1,105.0,109.3,0.1,6.4,8.4,16.4,18.8,38.5,11.3,106.3,104.7,98.9,"   $19,862"
043562,Bedford City,Cuyahoga,Region 3,2  Stars,58.1,63.5,109.3,3.2,38.6,21.8,20.0,9.9,5.2,1.3,63.5,62.7,155.8,"   $15,294"
043570,Bellaire Local,Belmont,Region 12,4  Stars,80.7,88.2,109.3,2.0,16.6,14.8,18.7,19.7,26.9,1.3,89.0,84.8,51.8,"    $8,360"
043588,Bellefontaine City,Logan,Region 6,3  Stars,75.2,82.2,109.3,0.3,22.2,18.5,24.4,17.5,14.4,2.7,83.3,84.5,109.4,"   $10,188"
043596,Bellevue City,Huron,Region 2,4  Stars,84.2,92.0,109.3,0.0,11.4,16.5,27.9,22.6,21.2,0.4,92.6,88.7,77.8,"    $9,910"
043604,Belpre City,Washington,Region 16,3  Stars,72.6,79.4,109.3,1.0,22.9,19.5,27.3,16.8,11.8,0.6,80.0,76.1,51,"    $9,769"
043612,Berea City,Cuyahoga,Region 3,3  Stars,78.3,85.5,109.3,0.8,17.9,17.4,26.2,18.7,17.2,1.8,85.3,81.0,217,"   $11,702"
043620,Bexley City,Franklin,Region 11,5  Stars,92.0,100.5,109.3,1.0,8.1,8.0,19.8,24.6,35.9,2.5,101.6,100.1,129.7,"   $14,607"
043638,Bowling Green City School District,Wood,Region 1,4  Stars,80.6,88.1,109.3,0.8,17.3,15.9,22.7,19.0,17.9,6.4,85.0,82.4,133.3,"   $12,028"
043646,Brecksville-Broadview Heights City,Cuyahoga,Region 3,5  Stars,97.8,106.8,109.3,0.0,4.1,6.7,18.2,25.6,38.1,7.3,106.5,104.8,139.8,"   $12,961"
043653,Brooklyn City,Cuyahoga,Region 3,2  Stars,69.5,76.0,109.3,0.4,27.2,20.7,25.9,15.2,10.5,0.1,76.9,75.7,58.5,"   $13,341"
043661,Brunswick City,Medina,Region 8,4  Stars,84.0,91.8,109.3,0.2,13.5,14.6,25.0,21.6,23.7,1.3,92.3,89.5,251.8,"   $11,517"
043679,Bryan City,Williams,Region 1,4  Stars,81.4,89.0,109.3,0.0,15.2,17.6,26.6,18.3,19.4,2.9,90.3,88.6,74.8,"   $11,062"
043687,Bucyrus City,Crawford,Region 7,2  Stars,67.0,73.2,109.3,0.1,32.5,19.9,20.6,14.8,11.5,0.5,73.7,70.6,51,"   $11,003"
043695,Cambridge City,Guernsey,Region 12,2  Stars,63.7,69.7,109.3,2.8,31.4,21.5,22.4,14.2,7.8,0.0,70.3,68.2,93.8,"    $9,410"
043703,Campbell City,Mahoning,Region 5,2  Stars,64.6,70.6,109.3,1.2,31.4,22.9,23.9,12.8,7.5,0.4,68.6,68.5,64.5,"   $10,419"
043711,Canton City,Stark,Region 9,2  Stars,53.6,58.5,109.3,2.1,46.6,21.5,16.7,8.2,4.9,0.1,57.7,53.3,373,"   $12,011"
043729,Celina City,Mercer,Region 6,4  Stars,80.4,87.9,109.3,0.6,16.0,15.9,26.6,22.8,17.6,0.6,85.8,85.0,117.6,"    $9,667"
043737,Centerville City,Montgomery,Region 10,4  Stars,87.3,95.4,109.3,0.2,11.4,12.4,24.1,22.7,25.4,3.8,96.2,94.1,340.4,"   $12,938"
043745,Chillicothe City,Ross,Region 15,2  Stars,65.6,71.6,109.3,2.0,32.1,19.4,20.7,14.0,11.5,0.4,70.9,66.9,144,"    $8,786"
043752,Cincinnati Public Schools,Hamilton,Region 13,2  Stars,60.5,66.1,109.3,3.4,38.8,17.6,16.7,11.6,11.2,0.8,62.8,60.2,1595.7,"   $11,504"
043760,Circleville City,Pickaway,Region 11,2  Stars,69.9,76.3,109.3,0.4,27.6,20.5,22.8,15.4,12.7,0.5,77.4,73.8,90,"    $9,764"
043778,Claymont City,Tuscarawas,Region 12,3  Stars,74.2,81.0,109.3,0.2,22.4,20.3,23.5,17.9,14.6,1.1,81.6,78.6,80.3,"   $11,422"
043786,Cleveland Municipal,Cuyahoga,Region 3,2  Stars,51.1,55.8,109.3,3.0,49.1,20.6,16.5,7.2,3.6,0.1,55.3,54.1,1560.6,"   $11,818"
043794,Cleveland Heights-University Heights City,Cuyahoga,Region 3,2  Stars,63.3,69.2,109.3,1.3,35.1,20.7,20.4,12.1,10.1,0.2,70.6,66.9,248.3,"   $15,898"
043802,Columbus City Schools District,Franklin,Region 11,2  Stars,52.3,57.1,109.3,4.9,46.6,18.5,15.7,8.2,5.8,0.3,56.3,54.1,1992,"   $12,541"
043810,Conneaut Area City,Ashtabula,Region 5,3  Stars,71.9,78.5,109.3,0.7,26.1,17.7,24.6,16.4,13.8,0.6,76.2,74.0,74.2,"    $8,817"
043828,Coshocton City,Coshocton,Region 12,3  Stars,73.4,80.2,109.3,0.2,22.7,20.1,26.9,17.7,11.4,0.9,78.6,75.3,72,"    $9,686"
043836,Cuyahoga Falls City,Summit,Region 8,3  Stars,73.7,80.6,109.3,0.5,23.2,18.9,24.7,17.3,14.5,0.9,80.1,77.9,175.5,"   $11,632"
043844,Dayton City,Montgomery,Region 10,1  Star,48.8,53.3,109.3,3.8,52.2,19.1,14.7,6.6,3.5,0.0,50.8,50.4,622.7,"   $11,269"
043851,Deer Park Community City,Hamilton,Region 13,3  Stars,77.8,85.0,109.3,0.5,18.9,17.0,25.9,20.5,16.7,0.6,82.2,80.5,62,"   $12,536"
043869,Defiance City,Defiance,Region 1,3  Stars,74.2,81.1,109.3,0.3,21.5,19.9,27.5,17.8,12.5,0.4,79.7,79.3,112.6,"    $9,791"
043877,Delaware City,Delaware,Region 11,3  Stars,79.8,87.2,109.3,1.6,16.4,15.4,25.1,20.7,19.7,1.1,86.7,85.6,227.8,"   $10,201"
043885,Delphos City,Allen,Region 6,4  Stars,85.3,93.2,109.3,0.0,11.3,14.2,28.4,24.1,21.6,0.3,93.4,94.4,44.6,"    $9,966"
043893,Dover City,Tuscarawas,Region 12,4  Stars,81.9,89.5,109.3,0.5,15.0,15.3,26.2,21.1,20.9,0.9,90.9,87.8,113,"    $8,909"
043901,East Cleveland City School District,Cuyahoga,Region 3,1  Star,45.8,50.1,109.3,3.5,56.4,19.0,16.0,3.9,1.1,0.1,45.3,43.3,69,"   $20,809"
043919,East Liverpool City,Columbiana,Region 5,2  Stars,62.3,68.0,109.3,1.9,34.0,22.8,22.2,11.4,6.6,1.1,67.8,61.9,119,"    $9,125"
043927,East Palestine City,Columbiana,Region 5,3  Stars,73.6,80.4,109.3,0.2,24.0,18.2,25.9,17.4,14.0,0.4,78.9,78.8,62,"    $9,166"
043935,Eaton Community City,Preble,Region 10,4  Stars,82.1,89.7,109.3,0.9,13.3,16.0,28.2,21.0,19.8,0.9,90.4,88.7,94.7,"   $11,679"
043943,Elyria City Schools,Lorain,Region 2,2  Stars,60.7,66.4,109.3,2.2,36.3,21.7,20.8,11.8,6.9,0.3,66.0,65.2,293.6,"    $9,516"
043950,Euclid City,Cuyahoga,Region 3,2  Stars,55.6,60.7,109.3,1.9,43.0,22.8,18.9,8.6,4.7,0.2,59.8,56.4,257.2,"   $12,912"
043968,Fairborn City,Greene,Region 10,3  Stars,73.0,79.8,109.3,0.3,25.9,17.4,22.8,16.4,16.7,0.5,78.8,76.3,186.3,"    $9,436"
043976,Fairview Park City,Cuyahoga,Region 3,4  Stars,86.6,94.7,109.3,0.2,10.9,13.0,26.6,23.4,24.2,1.7,94.4,90.0,67.3,"   $12,013"
043984,Findlay City,Hancock,Region 1,3  Stars,79.6,87.0,109.3,0.3,18.9,15.0,23.5,20.4,20.9,1.0,85.7,82.3,202.9,"   $10,149"
043992,Fostoria City,Seneca,Region 1,2  Stars,62.4,68.1,109.3,0.0,37.2,21.1,22.5,12.2,6.8,0.2,69.4,68.9,91.9,"    $9,180"
044008,Franklin City,Warren,Region 13,3  Stars,77.3,84.5,109.3,0.2,19.9,16.6,27.1,20.3,15.1,0.7,85.0,85.4,129.5,"   $11,181"
044016,Fremont City,Sandusky,Region 1,3  Stars,71.0,77.6,109.3,0.5,26.5,20.3,21.2,17.2,13.2,1.2,77.3,72.8,156.6,"   $10,640"
044024,Galion City,Crawford,Region 7,3  Stars,72.0,78.7,109.3,0.1,24.9,20.4,24.0,18.2,11.3,1.1,78.6,77.7,79.2,"   $10,474"
044032,Gallipolis City,Gallia,Region 16,3  Stars,71.7,78.3,109.3,0.6,23.9,20.8,26.0,17.2,11.3,0.1,77.4,73.5,82.8,"    $9,043"
044040,Garfield Heights City Schools,Cuyahoga,Region 3,2  Stars,51.5,56.3,109.3,0.0,52.2,21.2,16.7,6.4,3.5,0.0,54.4,50.0,161,"   $10,972"
044057,Geneva Area City,Ashtabula,Region 5,3  Stars,75.5,82.5,109.3,0.8,21.9,16.4,26.2,18.2,16.6,0.1,83.5,81.8,108.1,"    $9,787"
044065,Girard City School District,Trumbull,Region 5,3  Stars,74.8,81.8,109.3,0.6,20.8,19.9,25.7,17.6,14.8,0.5,81.7,78.7,88.8,"   $10,365"
044073,Grandview Heights Schools,Franklin,Region 11,5  Stars,96.5,105.5,109.3,0.4,4.4,7.3,19.5,23.7,40.0,4.8,104.3,103.0,68.8,"   $17,556"
044081,Winton Woods City,Hamilton,Region 13,2  Stars,55.5,60.6,109.3,1.2,44.0,22.8,19.3,8.4,4.3,0.1,61.8,59.0,200.1,"   $10,320"
044099,Greenville City,Darke,Region 10,3  Stars,76.4,83.4,109.3,0.7,20.4,17.8,25.1,18.2,17.0,0.9,84.2,81.5,107,"   $10,262"
044107,Hamilton City,Butler,Region 13,3  Stars,70.3,76.8,109.3,0.7,26.0,20.5,25.8,15.5,11.0,0.5,77.2,75.6,385.3,"    $8,817"
044115,Heath City,Licking,Region 11,4  Stars,85.3,93.1,109.3,0.2,11.3,15.2,26.5,22.8,21.9,2.1,91.8,89.8,74,"   $10,348"
044123,Hillsboro City,Highland,Region 14,4  Stars,83.2,90.9,109.3,0.2,13.9,15.6,24.3,21.9,23.0,1.1,91.5,88.3,105,"   $10,829"
044131,Huron City Schools,Erie,Region 2,4  Stars,89.1,97.3,109.3,0.1,9.2,11.3,25.2,25.7,27.3,1.1,95.7,93.7,50.4,"   $11,513"
044149,Ironton City School District,Lawrence,Region 15,3  Stars,73.9,80.8,109.3,0.1,23.3,18.8,25.5,17.9,13.7,0.6,83.8,79.5,66,"    $8,614"
044156,Jackson City,Jackson,Region 16,4  Stars,81.0,88.5,109.3,0.2,15.5,16.8,25.7,22.4,19.1,0.4,88.1,88.4,123,"    $9,318"
044164,Kent City,Portage,Region 8,4  Stars,80.0,87.4,109.3,0.5,17.5,15.5,24.3,20.7,21.0,0.5,87.8,84.5,156.3,"   $12,729"
044172,Kenton City,Hardin,Region 6,3  Stars,70.5,77.0,109.3,0.4,26.1,20.4,25.9,16.0,10.9,0.3,79.4,75.1,87.1,"    $9,583"
044180,Kettering City School District,Montgomery,Region 10,4  Stars,84.2,92.0,109.3,1.2,13.9,12.7,23.0,21.4,25.6,2.3,91.8,90.9,327,"   $12,369"
044198,Lakewood City,Cuyahoga,Region 3,4  Stars,86.2,94.2,109.3,0.9,12.4,12.4,22.1,21.2,26.9,4.1,94.2,91.2,204,"   $14,779"
044206,Lancaster City,Fairfield,Region 11,3  Stars,72.1,78.7,109.3,2.3,24.1,17.5,23.6,17.2,14.4,1.0,78.9,77.7,248.5,"   $10,049"
044214,Lebanon City,Warren,Region 13,4  Stars,83.3,91.0,109.3,0.7,14.8,13.7,23.5,20.9,24.5,2.0,91.1,90.3,204.7,"   $10,555"
044222,Lima City,Allen,Region 6,2  Stars,56.1,61.3,109.3,2.8,42.3,21.1,18.2,9.7,5.4,0.5,61.5,60.1,171.3,"   $11,109"
044230,Lockland Local,Hamilton,Region 13,1  Star,46.2,50.5,109.3,6.6,47.8,25.0,15.9,3.8,0.8,0.0,53.1,48.3,22,"   $10,889"
044248,Logan-Hocking Local,Hocking,Region 16,3  Stars,78.7,86.0,109.3,0.4,17.7,16.9,27.2,20.0,17.1,0.6,88.2,85.8,155.1,"   $10,315"
044255,London City,Madison,Region 11,3  Stars,73.4,80.2,109.3,0.3,24.1,18.6,24.9,16.7,14.8,0.6,79.8,76.9,86.9,"    $9,277"
044263,Lorain City,Lorain,Region 2,1  Star,46.7,51.0,109.3,6.4,51.1,19.8,13.8,6.0,2.7,0.0,53.3,53.3,289,"   $11,434"
044271,Loveland City,Hamilton,Region 13,5  Stars,93.2,101.9,109.3,0.3,7.0,9.1,19.6,24.2,37.3,2.5,100.2,99.4,174.2,"   $11,653"
044289,Madeira City,Hamilton,Region 13,5  Stars,97.5,106.5,109.3,0.1,4.5,6.4,15.7,24.7,47.5,1.1,105.9,105.9,88.5,"   $12,840"
044297,Mansfield City,Richland,Region 7,2  Stars,59.3,64.8,109.3,0.8,40.6,21.5,19.1,9.8,7.0,1.1,64.6,62.9,180.8,"   $11,800"
044305,Maple Heights City,Cuyahoga,Region 3,2  Stars,56.2,61.4,109.3,0.6,44.7,21.3,20.0,9.1,4.4,0.0,60.0,58.1,140,"   $10,691"
044313,Mariemont City,Hamilton,Region 13,5  Stars,99.9,109.2,109.3,0.0,2.4,5.2,17.6,24.9,44.6,5.2,108.7,107.9,91.3,"   $15,771"
044321,Marietta City,Washington,Region 16,2  Stars,69.4,75.8,109.3,0.4,27.2,20.8,26.3,14.9,10.0,0.3,75.1,74.3,99,"    $9,586"
044339,Marion City,Marion,Region 7,2  Stars,57.9,63.3,109.3,0.9,42.5,21.0,18.8,10.2,5.8,0.7,63.5,61.0,239.4,"    $9,786"
044347,Martins Ferry City,Belmont,Region 12,3  Stars,73.7,80.5,109.3,1.3,20.9,19.3,28.6,18.6,11.2,0.1,79.8,76.1,63.3,"    $9,942"
044354,Massillon City,Stark,Region 9,2  Stars,67.5,73.7,109.3,2.0,28.9,19.2,24.0,14.7,10.7,0.4,76.0,75.5,175.2,"    $9,179"
044362,Maumee City,Lucas,Region 1,4  Stars,80.6,88.1,109.3,0.3,16.8,15.8,25.5,20.5,19.1,2.1,89.8,89.7,121.1,"   $12,817"
044370,Mayfield City,Cuyahoga,Region 3,4  Stars,87.9,96.0,109.3,0.3,10.4,12.1,25.1,23.3,26.4,2.5,93.3,90.0,179.3,"   $14,584"
044388,Medina City SD,Medina,Region 8,4  Stars,87.6,95.7,109.3,0.7,9.4,12.2,27.1,24.5,24.1,2.0,96.0,95.6,283.9,"   $12,357"
044396,Miamisburg City,Montgomery,Region 10,3  Stars,76.3,83.3,109.3,0.6,21.2,16.4,25.7,19.0,16.6,0.4,83.7,82.2,201.6,"   $10,077"
044404,Middletown City,Butler,Region 13,2  Stars,58.7,64.2,109.3,0.0,42.5,21.1,20.0,9.9,6.2,0.3,62.7,59.3,263.5,"    $8,638"
044412,Mt Healthy City,Hamilton,Region 13,2  Stars,50.0,54.6,109.3,2.5,51.1,21.1,15.5,6.4,3.3,0.1,54.8,52.6,182.1,"   $12,831"
044420,Mount Vernon City,Knox,Region 7,4  Stars,83.8,91.5,109.3,0.3,13.4,14.7,25.9,21.1,24.0,0.6,91.2,88.1,179.2,"    $9,908"
044438,Napoleon Area City,Henry,Region 1,4  Stars,86.2,94.2,109.3,0.2,10.8,13.1,27.8,24.3,22.9,0.8,92.9,91.8,83.6,"   $11,131"
044446,Nelsonville-York City,Athens,Region 16,2  Stars,62.5,68.3,109.3,1.4,34.7,22.3,21.3,13.2,6.4,0.7,69.8,66.9,65.3,"   $11,081"
044453,Newark City,Licking,Region 11,3  Stars,71.3,77.9,109.3,1.0,25.1,19.7,23.7,17.3,12.7,0.4,79.8,78.1,287.2,"   $10,365"
044461,New Boston Local,Scioto,Region 15,3  Stars,71.4,78.0,109.3,0.0,25.3,20.4,26.8,16.8,10.8,0.0,75.3,78.5,26,"   $13,589"
044479,New Lexington School District,Perry,Region 16,3  Stars,72.7,79.4,109.3,1.1,21.4,20.8,29.2,16.5,10.9,0.0,80.0,79.0,84.5,"   $10,997"
044487,New Philadelphia City,Tuscarawas,Region 12,4  Stars,80.4,87.9,109.3,0.6,17.7,14.7,23.7,20.5,21.4,1.4,85.4,85.3,134,"    $8,881"
044495,Niles City,Trumbull,Region 5,3  Stars,74.2,81.0,109.3,0.4,23.0,18.3,25.0,19.1,13.3,0.9,79.9,75.9,97.9,"    $8,759"
044503,North Canton City,Stark,Region 9,5  Stars,91.2,99.7,109.3,0.2,7.5,11.0,23.2,24.4,30.0,3.6,100.2,99.3,181.8,"   $11,097"
044511,North College Hill City,Hamilton,Region 13,1  Star,49.6,54.2,109.3,1.6,51.6,22.7,16.0,6.2,1.8,0.0,55.2,53.6,73.8,"    $8,486"
044529,North Olmsted City,Cuyahoga,Region 3,3  Stars,78.3,85.5,109.3,0.5,18.1,17.7,25.9,20.3,15.9,1.7,85.1,85.2,143.4,"   $12,712"
044537,North Ridgeville City,Lorain,Region 2,4  Stars,83.8,91.6,109.3,0.3,13.3,14.5,26.4,23.1,20.3,2.1,90.9,88.8,186.9,"    $9,918"
044545,North Royalton City,Cuyahoga,Region 3,5  Stars,91.3,99.8,109.3,0.3,7.5,10.5,23.9,23.5,30.6,3.6,101.2,98.8,177.3,"   $11,811"
044552,Norton City,Summit,Region 8,4  Stars,85.9,93.8,109.3,0.0,11.7,14.0,25.7,22.9,23.5,2.2,92.8,92.2,113,"    $9,634"
044560,Norwalk City,Huron,Region 2,3  Stars,79.4,86.7,109.3,0.1,17.2,17.5,26.4,19.5,18.6,0.6,87.0,85.8,115.3,"    $9,516"
044578,Norwood City,Hamilton,Region 13,3  Stars,72.9,79.7,109.3,2.2,23.1,17.3,24.7,16.3,15.7,0.7,80.3,76.3,81.9,"   $11,650"
044586,Oakwood City,Montgomery,Region 10,5  Stars,99.0,108.2,109.3,0.1,3.6,5.6,16.0,24.2,46.2,4.3,107.2,106.8,103.7,"   $13,687"
044594,Oberlin City Schools,Lorain,Region 2,3  Stars,75.2,82.1,109.3,0.7,23.1,17.8,20.6,17.0,18.2,2.6,82.5,80.5,58.7,"   $14,595"
044602,Oregon City,Lucas,Region 1,4  Stars,80.9,88.4,109.3,0.5,15.1,17.0,27.2,19.7,17.7,2.7,87.2,83.1,158,"   $12,611"
044610,Orrville City,Wayne,Region 9,4  Stars,82.3,90.0,109.3,0.3,15.9,14.3,23.3,22.8,22.2,1.2,88.7,90.2,77.6,"   $11,204"
044628,Painesville City Local,Lake,Region 4,2  Stars,61.5,67.2,109.3,0.0,37.2,23.0,21.4,12.2,6.0,0.2,68.0,65.1,123.8,"    $9,928"
044636,Parma City,Cuyahoga,Region 3,3  Stars,75.2,82.2,109.3,0.7,21.1,19.0,24.5,17.8,15.9,1.0,81.2,76.8,379.4,"   $11,687"
044644,Piqua City,Miami,Region 10,3  Stars,74.6,81.5,109.3,0.8,22.1,18.4,24.6,17.7,15.3,1.0,79.5,78.3,142.1,"   $11,346"
044651,Port Clinton City,Ottawa,Region 1,3  Stars,79.6,87.0,109.3,0.2,18.3,15.5,25.8,19.8,19.2,1.2,89.9,84.0,71,"   $14,028"
044669,Portsmouth City,Scioto,Region 15,2  Stars,59.7,65.2,109.3,0.4,42.1,18.7,21.1,10.5,7.2,0.0,66.4,62.5,99.3,"    $8,860"
044677,Princeton City,Hamilton,Region 13,3  Stars,70.7,77.2,109.3,0.7,26.9,19.0,23.7,15.6,13.5,0.5,77.4,74.5,285.5,"   $11,985"
044685,Ravenna City,Portage,Region 8,2  Stars,65.3,71.3,109.3,1.1,32.2,20.8,22.1,14.5,9.2,0.1,72.3,68.7,85.3,"    $9,767"
044693,Reading Community City,Hamilton,Region 13,3  Stars,71.0,77.6,109.3,1.8,22.9,22.1,24.9,16.1,10.3,2.0,78.8,77.5,70.8,"   $10,019"
044701,Rocky River City,Cuyahoga,Region 3,5  Stars,100.9,110.2,109.3,0.1,2.7,4.7,14.5,22.5,48.9,6.6,110.2,108.0,125.4,"   $14,620"
044719,St Bernard-Elmwood Place City,Hamilton,Region 13,2  Stars,65.8,71.9,109.3,1.5,27.1,25.4,27.5,11.5,6.7,0.2,73.3,73.3,48.9,"   $13,035"
044727,St Marys City,Auglaize,Region 6,3  Stars,79.2,86.5,109.3,0.0,16.7,18.2,27.9,20.4,16.2,0.7,87.0,85.8,90.5,"   $10,121"
044735,Salem City,Columbiana,Region 5,3  Stars,76.5,83.6,109.3,0.6,21.8,15.7,23.8,20.4,16.6,1.1,84.3,83.7,89.3,"    $8,998"
044743,Sandusky City,Erie,Region 2,2  Stars,60.6,66.2,109.3,1.4,38.4,20.6,20.6,11.3,7.4,0.3,66.6,65.0,132,"   $10,814"
044750,Shaker Heights City,Cuyahoga,Region 3,3  Stars,78.2,85.4,109.3,0.2,21.1,15.7,21.2,17.6,23.0,1.1,84.9,83.9,246.3,"   $20,542"
044768,Sheffield-Sheffield Lake City,Lorain,Region 2,3  Stars,78.4,85.6,109.3,0.7,16.1,18.7,29.6,19.8,13.9,1.1,86.0,84.3,77,"   $11,707"
044776,Shelby City,Richland,Region 7,4  Stars,82.0,89.6,109.3,0.0,14.3,17.2,26.3,22.0,17.8,2.4,89.7,88.4,79.4,"   $10,728"
044784,Sidney City,Shelby,Region 6,2  Stars,69.1,75.5,109.3,2.3,27.3,17.9,23.7,16.6,11.9,0.2,78.0,76.0,116,"    $9,308"
044792,South Euclid-Lyndhurst City,Cuyahoga,Region 3,2  Stars,67.3,73.5,109.3,1.4,29.7,19.9,23.9,14.2,10.4,0.5,72.7,69.0,165.2,"   $14,739"
044800,South-Western City,Franklin,Region 11,2  Stars,69.9,76.3,109.3,0.9,27.8,19.1,23.2,15.2,13.1,0.6,76.8,76.4,917.3,"   $10,025"
044818,Springfield City School District,Clark,Region 10,2  Stars,53.3,58.2,109.3,1.1,48.3,21.4,16.8,8.1,4.3,0.1,57.2,56.5,403.3,"   $10,125"
044826,Steubenville City,Jefferson,Region 12,5  Stars,95.2,104.0,109.3,0.9,4.6,6.9,22.3,28.2,30.8,6.3,102.5,99.4,120,"    $8,619"
044834,Stow-Munroe Falls City School District,Summit,Region 8,4  Stars,82.1,89.7,109.3,1.1,13.4,16.5,25.4,22.1,19.8,1.7,89.0,87.2,212.7,"   $10,978"
044842,Strongsville City,Cuyahoga,Region 3,5  Stars,91.3,99.8,109.3,0.5,7.8,10.0,22.4,23.2,33.1,2.9,98.8,98.1,243.8,"   $13,011"
044859,Struthers City,Mahoning,Region 5,3  Stars,71.7,78.4,109.3,0.3,24.3,20.9,26.6,15.7,11.7,0.5,79.4,78.6,81.8,"    $9,434"
044867,Sycamore Community City,Hamilton,Region 13,5  Stars,96.4,105.4,109.3,0.4,6.2,6.8,16.1,21.5,40.9,8.2,105.2,104.0,287.6,"   $13,138"
044875,Sylvania Schools,Lucas,Region 1,4  Stars,86.1,94.1,109.3,0.5,11.3,13.4,24.3,22.7,26.9,0.8,94.5,93.0,336.2,"   $10,759"
044883,Tallmadge City,Summit,Region 8,4  Stars,81.6,89.2,109.3,0.3,14.2,16.6,26.7,23.4,18.8,0.1,90.3,88.4,114.9,"   $11,328"
044891,Tiffin City Schools,Seneca,Region 7,3  Stars,76.0,83.0,109.3,0.8,20.8,17.5,25.4,19.2,15.2,1.2,81.1,81.9,99,"    $9,884"
044909,Toledo City,Lucas,Region 1,2  Stars,53.0,57.9,109.3,2.6,46.6,21.4,17.3,8.0,4.2,0.0,58.8,53.8,1018.1,"   $11,809"
044917,Toronto City,Jefferson,Region 12,3  Stars,76.4,83.5,109.3,0.7,17.7,20.5,27.3,21.4,11.2,1.2,80.5,82.3,45.8,"    $8,971"
044925,Troy City,Miami,Region 10,4  Stars,83.4,91.1,109.3,0.3,15.1,13.4,23.4,23.0,24.2,0.6,90.7,87.8,182,"   $10,743"
044933,Upper Arlington City,Franklin,Region 11,5  Stars,93.7,102.3,109.3,1.6,5.4,8.2,20.7,24.9,33.2,6.0,101.1,99.4,290.2,"   $13,826"
044941,Urbana City,Champaign,Region 6,3  Stars,71.9,78.5,109.3,0.6,24.6,19.4,26.3,18.1,10.9,0.2,76.8,75.5,93.7,"   $10,636"
044958,Vandalia-Butler City,Montgomery,Region 10,4  Stars,81.2,88.7,109.3,0.4,15.3,16.3,25.4,22.6,19.1,0.8,89.2,89.2,112.3,"   $10,910"
044966,Van Wert City,Van Wert,Region 1,3  Stars,74.2,81.1,109.3,1.3,21.3,18.7,25.6,18.8,14.3,0.1,81.1,80.0,99.9,"    $8,895"
044974,Wadsworth City,Medina,Region 8,4  Stars,88.0,96.2,109.3,0.8,9.5,11.4,26.2,24.5,25.6,2.1,95.2,94.9,197.4,"   $11,475"
044982,Wapakoneta City,Auglaize,Region 6,4  Stars,81.6,89.1,109.3,0.3,14.0,17.2,27.6,21.5,18.3,1.1,88.0,87.9,123,"   $10,130"
044990,Warren City,Trumbull,Region 5,2  Stars,57.9,63.3,109.3,0.9,41.2,22.9,19.0,10.1,5.7,0.2,62.9,60.0,220.4,"   $10,524"
045005,Warrensville Heights City,Cuyahoga,Region 3,2  Stars,59.3,64.8,109.3,0.2,37.7,26.0,22.5,9.0,4.6,0.0,62.8,61.8,122.7,"   $13,353"
045013,Washington Court House City,Fayette,Region 14,3  Stars,72.8,79.6,109.3,0.4,23.8,19.7,26.9,14.8,13.3,1.1,82.0,79.9,112,"    $9,824"
045021,Wellston City,Jackson,Region 16,3  Stars,72.1,78.8,109.3,0.9,23.6,20.3,26.1,16.6,11.4,1.1,77.9,73.3,75.1,"   $10,405"
045039,Wellsville Local,Columbiana,Region 5,2  Stars,64.2,70.1,109.3,1.6,31.1,23.5,21.9,14.5,7.3,0.1,68.8,71.9,46.7,"   $12,459"
045047,Westerville City,Franklin,Region 11,4  Stars,81.6,89.1,109.3,1.0,16.5,14.3,22.5,20.5,23.0,2.3,87.9,86.1,640,"   $11,388"
045054,West Carrollton City,Montgomery,Region 10,2  Stars,66.4,72.6,109.3,1.6,30.2,20.6,23.1,13.5,10.9,0.1,72.8,73.2,149.2,"   $10,291"
045062,Westlake City,Cuyahoga,Region 3,5  Stars,91.4,99.9,109.3,0.2,8.5,10.3,20.4,22.2,36.0,2.4,100.6,98.3,157.6,"   $14,493"
045070,Whitehall City,Franklin,Region 11,2  Stars,61.7,67.4,109.3,0.9,36.7,21.5,22.2,11.8,6.5,0.3,68.3,65.4,135.1,"    $8,056"
045088,Wickliffe City,Lake,Region 4,2  Stars,69.2,75.6,109.3,0.3,27.9,20.7,25.6,15.2,10.1,0.3,81.3,79.8,65,"   $12,656"
045096,Willard City,Huron,Region 7,3  Stars,73.6,80.4,109.3,0.5,20.9,21.6,26.9,18.7,11.1,0.3,77.2,74.0,65.8,"   $10,891"
045104,Willoughby-Eastlake City,Lake,Region 4,3  Stars,74.7,81.6,109.3,0.6,21.9,19.5,23.5,17.9,14.1,2.4,81.6,78.2,301,"   $11,431"
045112,Wilmington City,Clinton,Region 14,3  Stars,71.6,78.2,109.3,0.4,26.9,18.0,23.0,16.8,13.9,0.9,78.5,75.2,98.5,"   $10,318"
045120,Wooster City,Wayne,Region 9,3  Stars,77.8,85.0,109.3,0.6,20.5,16.4,21.0,18.5,21.4,1.5,84.2,82.1,158.9,"   $12,789"
045138,Worthington City,Franklin,Region 11,4  Stars,85.7,93.6,109.3,0.9,12.3,12.6,22.8,22.9,26.6,1.9,94.0,92.6,473.8,"   $12,420"
045146,Wyoming City,Hamilton,Region 13,5  Stars,96.9,105.9,109.3,0.5,4.3,7.1,16.7,22.9,45.8,2.6,104.9,103.3,110.6,"   $14,117"
045153,Xenia Community City,Greene,Region 10,3  Stars,70.3,76.8,109.3,1.7,25.9,18.8,24.9,16.0,12.3,0.5,77.1,77.4,189,"   $10,342"
045161,Youngstown City,Mahoning,Region 5,1  Star,49.4,54.0,109.3,1.4,54.2,20.1,14.1,6.8,2.9,0.5,53.0,48.1,283,"   $14,167"
045179,Zanesville City,Muskingum,Region 12,2  Stars,65.9,72.0,109.3,0.5,31.7,21.6,23.0,13.1,9.7,0.3,72.0,69.0,133,"   $10,232"
045187,Ada Exempted Village,Hardin,Region 6,4  Stars,83.1,90.8,109.3,0.2,13.1,16.5,24.8,24.7,19.8,0.8,91.6,91.0,48,"   $12,398"
045195,Amherst Exempted Village,Lorain,Region 2,4  Stars,84.7,92.5,109.3,0.5,12.0,14.6,26.4,22.5,21.2,2.7,92.8,91.0,155,"    $9,643"
045203,Barnesville Exempted Village,Belmont,Region 12,3  Stars,77.0,84.2,109.3,0.0,19.4,17.8,28.8,18.8,14.8,0.3,83.5,80.6,57.6,"    $9,379"
045211,Bluffton Exempted Village,Allen,Region 6,5  Stars,91.7,100.2,109.3,0.0,7.2,10.2,23.8,26.1,31.5,1.3,97.3,97.6,55.5,"   $10,339"
045229,Bradford Exempted Village,Miami,Region 10,3  Stars,71.3,77.9,109.3,0.0,24.2,21.3,30.5,14.8,9.2,0.0,80.6,74.4,25.6,"   $12,215"
045237,Bridgeport Exempted Village,Belmont,Region 12,3  Stars,74.2,81.1,109.3,0.1,20.8,20.8,31.1,14.4,12.7,0.1,82.9,81.6,42.3,"   $10,616"
045245,Harrison Hills City,Harrison,Region 12,2  Stars,69.8,76.2,109.3,0.0,25.8,23.0,25.9,15.5,9.6,0.2,75.1,73.0,62.5,"   $12,811"
045252,Caldwell Exempted Village,Noble,Region 12,2  Stars,67.6,73.8,109.3,0.6,28.0,22.7,25.8,14.5,8.2,0.2,76.8,75.0,40,"   $13,485"
045260,Carey Exempted Village Schools,Wyandot,Region 7,3  Stars,79.0,86.4,109.3,0.1,17.0,17.7,28.2,19.9,16.9,0.3,88.3,84.2,40,"   $10,782"
045278,Carrollton Exempted Village,Carroll,Region 12,3  Stars,75.8,82.8,109.3,0.3,19.4,20.0,28.2,17.7,12.9,1.4,83.0,83.5,76,"   $11,849"
045286,Chagrin Falls Exempted Village,Cuyahoga,Region 3,5  Stars,101.6,111.0,109.3,0.0,1.4,4.0,16.3,26.6,45.0,6.5,109.2,107.9,98.1,"   $18,318"
045294,Chesapeake Union Exempted Village,Lawrence,Region 15,3  Stars,76.5,83.6,109.3,0.4,19.6,18.0,27.9,19.3,14.6,0.2,82.1,79.3,62,"   $10,572"
045302,Clyde-Green Springs Exempted Village,Sandusky,Region 1,4  Stars,80.6,88.0,109.3,0.2,14.7,17.7,29.0,21.3,16.1,1.0,87.6,84.7,106,"   $10,666"
045310,Coldwater Exempted Village,Mercer,Region 6,5  Stars,91.6,100.0,109.3,0.0,6.9,10.7,23.6,27.6,29.0,2.1,99.5,98.9,69.7,"   $10,908"
045328,Columbiana Exempted Village,Columbiana,Region 5,5  Stars,90.6,99.0,109.3,0.0,6.7,11.8,26.2,28.0,26.0,1.3,98.8,95.5,53.5,"   $10,796"
045336,Covington Exempted Village,Miami,Region 10,4  Stars,81.2,88.7,109.3,0.3,13.2,18.2,30.3,21.1,16.6,0.4,89.3,90.2,39.8,"   $12,938"
045344,Crestline Exempted Village,Crawford,Region 7,2  Stars,58.4,63.8,109.3,1.8,39.0,22.8,21.2,10.4,4.8,0.0,69.1,68.5,26.9,"   $10,525"
045351,Crooksville Exempted Village,Perry,Region 16,2  Stars,64.6,70.6,109.3,1.4,31.6,21.2,26.1,13.3,6.4,0.0,73.2,72.2,47.3,"   $11,359"
045369,Fairport Harbor Exempted Village,Lake,Region 4,2  Stars,63.9,69.8,109.3,2.5,29.8,23.0,27.3,11.7,5.7,0.0,69.8,60.8,28.5,"   $10,299"
045377,Georgetown Exempted Village,Brown,Region 14,4  Stars,81.8,89.4,109.3,0.0,14.1,18.1,26.8,19.8,18.8,2.5,88.9,86.1,51,"   $10,305"
045385,Gibsonburg Exempted Village,Sandusky,Region 1,3  Stars,75.6,82.6,109.3,0.0,19.2,21.8,25.1,19.9,13.9,0.0,85.2,82.5,44.9,"   $12,473"
045393,Granville Exempted Village,Licking,Region 11,5  Stars,96.6,105.6,109.3,0.3,4.3,7.6,19.6,26.2,32.7,9.2,105.6,105.6,120.1,"   $13,950"
045401,Greenfield Exempted Village,Highland,Region 14,3  Stars,75.9,83.0,109.3,0.1,21.3,17.3,27.6,18.1,15.3,0.3,82.7,81.4,93,"   $11,269"
045419,Hicksville Exempted Village School District,Defiance,Region 1,5  Stars,92.9,101.4,109.3,0.2,5.7,9.0,25.9,26.2,32.7,0.2,100.6,100.6,50.1,"   $12,654"
045427,Hubbard Exempted Village,Trumbull,Region 5,3  Stars,78.1,85.4,109.3,0.0,18.3,17.9,28.1,19.0,15.2,1.4,88.2,86.6,99.5,"    $9,698"
045435,Indian Hill Exempted Village,Hamilton,Region 13,5  Stars,95.2,104.1,109.3,0.1,5.2,8.5,19.1,23.9,40.5,2.6,103.9,104.3,126.5,"   $18,172"
045443,Leetonia Exempted Village School District,Columbiana,Region 5,4  Stars,84.3,92.1,109.3,0.1,9.8,17.1,30.0,26.2,16.7,0.0,87.1,80.8,37,"   $13,814"
045450,Lisbon Exempted Village,Columbiana,Region 5,3  Stars,71.5,78.1,109.3,1.0,25.3,19.8,21.0,18.9,13.7,0.4,78.3,75.4,41.5,"   $10,721"
045468,Loudonville-Perrysville Exempted Village,Ashland,Region 7,4  Stars,80.3,87.7,109.3,0.2,16.4,15.8,28.0,22.9,16.3,0.5,86.3,83.6,55,"   $13,795"
045476,Marysville Exempted Village,Union,Region 11,4  Stars,86.5,94.5,109.3,0.3,12.2,12.5,23.1,23.0,26.5,2.4,94.8,91.9,206.3,"    $9,999"
045484,Mechanicsburg Exempted Village,Champaign,Region 6,4  Stars,85.0,92.8,109.3,0.0,10.5,14.7,33.0,24.3,16.5,1.1,93.0,93.5,45,"   $11,081"
045492,Mentor Exempted Village,Lake,Region 4,4  Stars,85.6,93.6,109.3,0.6,11.2,13.9,25.8,22.6,24.4,1.5,91.7,88.6,299.1,"   $12,257"
045500,Milford Exempted Village,Clermont,Region 13,4  Stars,89.8,98.1,109.3,0.3,9.3,11.1,22.3,22.7,32.3,2.1,96.8,95.3,262.5,"   $11,326"
045518,Milton-Union Exempted Village,Miami,Region 10,3  Stars,76.9,84.0,109.3,0.5,19.2,18.8,25.8,17.9,15.3,2.4,88.1,83.6,64.4,"   $10,606"
045526,Montpelier Exempted Village,Williams,Region 1,3  Stars,78.1,85.3,109.3,1.0,17.6,16.5,29.1,19.8,15.2,0.8,83.6,81.2,53,"   $13,033"
045534,Mount Gilead Exempted Village,Morrow,Region 7,3  Stars,75.6,82.6,109.3,0.3,19.4,20.9,26.7,18.0,14.2,0.5,81.2,77.7,56.2,"   $11,859"
045542,Newcomerstown Exempted Village,Tuscarawas,Region 12,3  Stars,73.9,80.7,109.3,0.0,19.6,22.8,30.6,18.3,8.7,0.1,79.5,74.4,54,"   $10,555"
045559,New Richmond Exempted Village,Clermont,Region 13,3  Stars,78.8,86.1,109.3,1.0,17.3,16.9,26.1,19.2,18.1,1.5,85.9,85.4,84.1,"   $10,295"
045567,Newton Falls Exempted Village,Trumbull,Region 5,2  Stars,69.3,75.7,109.3,0.8,27.3,21.0,22.7,16.3,11.5,0.5,74.8,74.9,43.6,"   $11,019"
045575,Paulding Exempted Village,Paulding,Region 1,3  Stars,75.7,82.7,109.3,0.0,21.9,17.9,24.8,19.3,15.8,0.4,84.0,83.8,72.9,"   $11,162"
045583,Perrysburg Exempted Village,Wood,Region 1,5  Stars,94.1,102.8,109.3,0.5,5.9,7.5,21.6,26.3,35.9,2.2,102.7,103.0,254.4,"   $11,224"
045591,Rittman Exempted Village,Wayne,Region 9,4  Stars,82.0,89.5,109.3,0.1,15.6,15.9,24.1,20.8,22.9,0.7,91.1,91.2,48.3,"   $12,529"
045609,Rossford Exempted Village,Wood,Region 1,3  Stars,74.1,80.9,109.3,0.6,21.9,18.6,27.8,18.7,12.3,0.0,81.4,78.9,80.1,"   $13,749"
045617,Tipp City Exempted Village,Miami,Region 10,5  Stars,90.3,98.6,109.3,0.0,7.7,11.8,24.2,26.0,29.2,1.1,98.2,97.4,103.2,"   $11,386"
045625,Upper Sandusky Exempted Village,Wyandot,Region 7,4  Stars,83.4,91.1,109.3,0.5,14.0,14.9,24.1,21.1,24.2,1.3,89.6,86.3,73.4,"   $11,152"
045633,Versailles Exempted Village,Darke,Region 10,5  Stars,100.3,109.5,109.3,0.1,2.6,5.0,17.6,21.5,46.0,7.2,108.8,107.0,58.1,"   $12,361"
045641,Wauseon Exempted Village,Fulton,Region 1,4  Stars,81.9,89.4,109.3,0.2,14.0,16.6,28.6,22.2,17.6,0.9,88.4,90.3,78.7,"   $10,412"
045658,Wellington Exempted Village,Lorain,Region 2,3  Stars,75.1,82.0,109.3,0.1,21.1,19.6,27.1,17.9,13.1,1.1,81.4,80.0,45.7,"   $13,675"
045666,Windham Exempted Village,Portage,Region 8,2  Stars,59.8,65.4,109.3,1.3,37.1,23.8,21.8,11.3,4.9,0.0,68.3,72.8,30.5,"   $11,028"
045674,Yellow Springs Exempted Village,Greene,Region 10,4  Stars,85.8,93.7,109.3,0.3,12.5,13.6,23.5,20.6,27.5,2.0,91.2,87.3,35.5,"   $14,003"
045757,Allen East Local,Allen,Region 6,4  Stars,80.1,87.5,109.3,0.9,14.3,17.5,29.5,22.0,15.7,0.1,90.4,89.5,47.1,"    $8,780"
045765,Bath Local,Allen,Region 6,5  Stars,90.8,99.2,109.3,0.0,7.1,11.3,26.9,25.0,27.7,2.1,96.7,94.6,78.1,"   $10,304"
045773,Elida Local,Allen,Region 6,4  Stars,82.3,89.9,109.3,0.5,14.4,15.3,26.5,21.1,21.2,1.0,90.2,88.5,101.2,"    $9,413"
045781,Perry Local,Allen,Region 6,3  Stars,72.0,78.6,109.3,0.5,23.3,21.5,26.8,14.9,12.9,0.1,78.6,75.5,36.1,"   $10,791"
045799,Shawnee Local,Allen,Region 6,4  Stars,88.4,96.5,109.3,0.2,10.2,11.8,23.3,24.0,29.2,1.3,98.1,95.4,97.2,"   $10,948"
045807,Spencerville Local,Allen,Region 6,4  Stars,88.5,96.6,109.3,0.3,8.6,12.7,25.1,25.5,27.5,0.2,96.3,93.7,49,"   $10,142"
045823,Hillsdale Local,Ashland,Region 7,4  Stars,82.6,90.3,109.3,0.2,14.4,14.7,27.8,22.4,19.9,0.6,89.1,88.2,44.8,"   $12,651"
045831,Mapleton Local,Ashland,Region 7,3  Stars,74.5,81.4,109.3,0.7,21.9,18.3,26.1,19.1,14.0,0.0,84.5,80.1,41.2,"   $10,401"
045856,Buckeye Local,Ashtabula,Region 5,3  Stars,75.1,82.0,109.3,1.5,18.9,20.0,27.2,18.5,13.3,0.7,80.0,77.9,76,"    $9,462"
045864,Grand Valley Local,Ashtabula,Region 5,3  Stars,71.4,78.1,109.3,0.5,25.2,20.2,24.3,16.9,12.5,0.4,80.8,78.4,46.8,"   $12,424"
045872,Jefferson Area Local,Ashtabula,Region 5,3  Stars,77.3,84.4,109.3,0.8,19.1,17.4,26.7,18.2,16.4,1.5,84.8,80.2,82.6,"    $7,758"
045880,Pymatuning Valley Local,Ashtabula,Region 5,3  Stars,75.4,82.3,109.3,0.9,21.4,17.5,25.8,17.3,16.9,0.3,82.3,79.1,52.2,"   $10,643"
045906,Alexander Local,Athens,Region 16,3  Stars,78.8,86.1,109.3,0.1,18.8,16.5,25.2,21.0,16.9,1.5,85.5,82.9,67.8,"    $8,135"
045914,Federal Hocking Local,Athens,Region 16,2  Stars,67.4,73.6,109.3,0.3,28.8,23.4,23.5,13.3,10.7,0.0,73.0,70.8,53.2,"   $14,453"
045922,Trimble Local,Athens,Region 16,2  Stars,61.3,66.9,109.3,0.8,35.6,24.3,21.8,10.7,6.4,0.3,67.3,64.1,50.2,"   $13,098"
045948,Minster Local,Auglaize,Region 6,5  Stars,98.7,107.8,109.3,0.2,2.7,5.3,19.7,27.5,41.7,2.9,108.8,107.2,42.5,"   $10,936"
045955,New Bremen Local,Auglaize,Region 6,5  Stars,98.8,108.0,109.3,0.5,1.1,5.9,21.4,30.4,36.8,3.9,107.1,105.3,44,"   $11,720"
045963,New Knoxville Local,Auglaize,Region 6,5  Stars,94.9,103.6,109.3,0.0,5.6,8.1,20.0,26.5,37.7,2.1,102.6,100.5,24,"   $13,619"
045971,Waynesfield-Goshen Local,Auglaize,Region 6,4  Stars,80.0,87.4,109.3,0.0,14.5,18.9,31.3,20.2,14.0,1.1,88.4,85.2,25.3,"   $14,099"
045997,St Clairsville-Richland City,Belmont,Region 12,4  Stars,85.7,93.6,109.3,0.1,12.1,13.8,24.1,23.6,25.3,1.0,94.9,92.0,69,"    $8,991"
046003,Shadyside Local,Belmont,Region 12,4  Stars,82.7,90.3,109.3,0.3,14.6,15.4,24.9,19.6,25.0,0.2,92.3,86.1,37.3,"   $10,836"
046011,Union Local,Belmont,Region 12,3  Stars,73.0,79.8,109.3,0.2,23.5,19.1,27.3,18.7,11.0,0.1,80.4,75.4,76.6,"   $11,343"
046037,Eastern Local School District,Brown,Region 14,4  Stars,83.6,91.4,109.3,0.0,11.6,17.4,27.3,22.7,21.0,0.0,89.0,84.9,52.6,"   $11,838"
046045,Fayetteville-Perry Local,Brown,Region 14,3  Stars,78.6,85.9,109.3,0.2,15.7,20.1,28.7,20.1,14.8,0.4,87.7,84.1,43,"   $11,703"
046060,Western Brown Local,Brown,Region 14,3  Stars,77.3,84.4,109.3,0.4,17.9,19.5,26.7,20.3,14.7,0.6,83.6,81.3,116.3,"    $9,575"
046078,Ripley-Union-Lewis-Huntington Local,Brown,Region 14,3  Stars,71.4,78.1,109.3,0.8,23.3,22.2,24.7,17.6,11.4,0.0,73.4,75.6,33,"   $12,115"
046094,Edgewood City School District,Butler,Region 13,3  Stars,72.6,79.3,109.3,0.6,23.5,19.9,26.6,16.4,12.8,0.3,79.8,79.1,133.4,"    $9,547"
046102,Fairfield City,Butler,Region 13,3  Stars,77.2,84.3,109.3,0.4,20.2,17.5,25.0,17.7,17.1,2.2,83.0,82.3,385.8,"    $9,194"
046110,Lakota Local,Butler,Region 13,4  Stars,86.6,94.6,109.3,0.5,12.3,12.7,22.0,20.7,27.2,4.6,93.0,91.3,612.9,"   $10,309"
046128,Madison Local,Butler,Region 13,4  Stars,80.1,87.5,109.3,1.1,15.9,16.7,24.7,19.7,21.4,0.6,85.6,85.2,77.3,"   $10,660"
046136,New Miami Local,Butler,Region 13,2  Stars,62.7,68.5,109.3,0.5,33.3,24.7,23.8,13.0,4.6,0.1,67.0,68.7,45,"   $12,472"
046144,Ross Local,Butler,Region 13,4  Stars,88.1,96.3,109.3,0.3,9.3,12.0,27.0,23.6,27.7,0.1,95.6,96.3,107.6,"   $11,128"
046151,Talawanda City,Butler,Region 13,4  Stars,80.8,88.2,109.3,0.1,15.9,16.6,27.3,20.8,17.9,1.5,87.1,86.2,133,"   $11,291"
046177,Brown Local,Carroll,Region 12,3  Stars,72.8,79.5,109.3,0.8,23.8,18.1,27.7,17.6,11.6,0.4,79.6,78.6,40.1,"   $12,855"
046193,Graham Local,Champaign,Region 6,3  Stars,76.3,83.4,109.3,0.8,18.3,20.1,26.9,18.5,14.9,0.6,85.9,79.6,68.6,"   $11,029"
046201,Triad Local,Champaign,Region 6,4  Stars,80.7,88.2,109.3,0.2,16.1,15.5,29.3,20.8,16.6,1.5,87.8,90.3,45.1,"   $10,991"
046219,West Liberty-Salem Local,Champaign,Region 6,5  Stars,90.7,99.1,109.3,0.0,8.0,11.3,24.1,24.5,28.3,3.8,98.1,94.9,61.7,"   $12,256"
046235,Greenon Local,Clark,Region 10,3  Stars,76.2,83.2,109.3,0.4,18.7,19.6,29.1,18.7,13.5,0.0,83.5,79.9,67,"    $9,820"
046243,Tecumseh Local,Clark,Region 10,3  Stars,72.7,79.5,109.3,0.6,23.0,20.7,25.5,16.7,13.0,0.6,79.6,76.8,112,"    $9,954"
046250,Northeastern Local,Clark,Region 10,3  Stars,75.9,82.9,109.3,0.3,19.5,19.8,27.3,18.9,14.0,0.2,84.6,84.7,133.6,"    $9,984"
046268,Northwestern Local,Clark,Region 10,3  Stars,75.7,82.7,109.3,0.4,20.9,18.2,26.0,18.9,14.6,0.9,81.6,84.4,71.6,"   $10,639"
046276,Southeastern Local,Clark,Region 10,3  Stars,79.6,86.9,109.3,0.3,16.6,17.0,28.2,19.6,18.3,0.0,87.9,86.6,43.3,"   $12,746"
046284,Clark-Shawnee Local,Clark,Region 10,3  Stars,78.6,85.9,109.3,0.2,17.8,16.9,28.0,21.7,15.2,0.3,86.0,84.2,80.3,"   $10,654"
046300,Batavia Local,Clermont,Region 13,3  Stars,77.2,84.4,109.3,0.2,18.7,18.7,27.2,19.2,15.6,0.3,85.3,83.6,99.9,"    $7,648"
046318,Bethel-Tate Local,Clermont,Region 13,4  Stars,83.7,91.4,109.3,0.3,12.9,14.7,28.3,22.2,20.6,1.0,89.6,86.1,67,"    $9,260"
046326,Clermont Northeastern Local,Clermont,Region 13,3  Stars,74.5,81.4,109.3,0.0,22.3,19.5,26.1,17.1,14.5,0.5,82.9,79.8,63.7,"   $10,726"
046334,Felicity-Franklin Local,Clermont,Region 13,3  Stars,78.1,85.3,109.3,0.7,18.7,15.7,28.1,20.2,16.7,0.0,83.7,83.8,35.8,"   $11,689"
046342,Goshen Local,Clermont,Region 13,4  Stars,84.0,91.8,109.3,0.1,14.3,15.4,21.7,20.9,22.9,4.6,91.4,89.4,113.1,"   $11,449"
046359,West Clermont Local,Clermont,Region 13,3  Stars,77.9,85.1,109.3,0.4,20.0,16.4,23.6,19.9,19.2,0.6,84.0,80.5,339.7,"    $9,573"
046367,Williamsburg Local,Clermont,Region 13,4  Stars,87.9,96.0,109.3,0.0,9.0,13.9,25.8,25.3,24.4,1.5,95.7,90.2,44.7,"    $8,887"
046383,Blanchester Local,Clinton,Region 14,3  Stars,78.0,85.2,109.3,0.2,18.5,18.1,26.1,18.8,17.1,1.2,83.5,80.7,57,"   $11,186"
046391,Clinton-Massie Local,Clinton,Region 14,4  Stars,82.0,89.6,109.3,0.2,14.1,16.5,26.9,22.8,18.9,0.6,88.4,86.6,77,"   $11,170"
046409,East Clinton Local,Clinton,Region 14,3  Stars,74.9,81.8,109.3,0.3,22.8,17.8,23.3,20.1,15.5,0.2,80.0,76.0,74.5,"   $11,530"
046425,Beaver Local,Columbiana,Region 5,4  Stars,84.6,92.4,109.3,0.1,11.9,14.5,29.5,23.6,18.6,1.9,90.4,89.0,82,"    $9,288"
046433,Crestview Local,Columbiana,Region 5,4  Stars,83.5,91.3,109.3,0.1,12.1,16.3,29.0,21.2,20.9,0.3,92.3,90.9,58,"   $11,085"
046441,Southern Local,Columbiana,Region 5,2  Stars,66.0,72.1,109.3,0.8,31.0,21.6,23.4,14.2,9.1,0.0,71.7,66.2,39.6,"   $14,053"
046458,United Local,Columbiana,Region 5,3  Stars,78.1,85.3,109.3,0.2,16.2,20.3,28.4,20.7,13.8,0.5,86.9,82.8,54.5,"   $12,340"
046474,Ridgewood Local,Coshocton,Region 12,3  Stars,79.7,87.0,109.3,0.1,16.4,17.3,28.6,20.2,16.5,0.8,89.4,87.2,53.2,"    $8,708"
046482,River View Local,Coshocton,Region 12,3  Stars,76.5,83.6,109.3,0.0,19.9,19.3,25.0,18.6,16.5,0.6,86.5,82.7,74,"   $10,114"
046508,Buckeye Central Local,Crawford,Region 7,4  Stars,87.5,95.6,109.3,0.1,10.2,12.3,27.4,25.1,23.1,1.9,95.3,94.4,47.1,"   $16,860"
046516,Colonel Crawford Local,Crawford,Region 7,4  Stars,84.9,92.7,109.3,0.0,12.2,13.8,29.7,21.9,21.4,1.0,91.6,89.2,40.5,"   $11,605"
046524,Wynford Local,Crawford,Region 7,3  Stars,77.3,84.4,109.3,0.3,20.0,17.0,24.7,20.3,17.1,0.5,86.4,83.4,52,"   $10,682"
046557,Cuyahoga Heights Local,Cuyahoga,Region 3,5  Stars,94.0,102.7,109.3,0.0,5.3,9.1,23.2,26.9,32.4,3.0,102.5,100.9,54.3,"   $18,780"
046565,Independence Local,Cuyahoga,Region 3,5  Stars,92.9,101.5,109.3,0.1,4.8,10.0,26.9,28.1,28.8,1.3,98.0,99.5,59.5,"   $17,769"
046573,Olmsted Falls City,Cuyahoga,Region 3,4  Stars,84.8,92.7,109.3,1.6,11.3,13.4,27.0,21.3,22.5,3.0,93.3,92.6,150.5,"   $12,168"
046581,Orange City,Cuyahoga,Region 3,5  Stars,96.4,105.3,109.3,0.2,5.4,8.0,16.4,20.3,43.7,5.9,104.1,100.9,116,"   $22,272"
046599,Richmond Heights Local,Cuyahoga,Region 3,2  Stars,59.4,64.9,109.3,0.0,38.4,25.2,22.3,9.6,4.0,0.4,63.7,61.3,33.1,"   $14,209"
046607,Solon City,Cuyahoga,Region 3,5  Stars,101.7,111.1,109.3,0.5,2.6,4.0,11.4,18.9,55.4,7.1,111.6,110.1,202.8,"   $14,847"
046623,Ansonia Local,Darke,Region 10,4  Stars,86.3,94.3,109.3,0.3,10.0,14.2,26.9,24.9,23.8,0.0,94.1,93.5,44,"   $11,033"
046631,Arcanum-Butler Local,Darke,Region 10,4  Stars,87.8,95.9,109.3,0.0,9.0,14.1,25.5,25.4,25.4,0.7,95.9,94.1,50.8,"   $10,152"
046649,Franklin Monroe Local,Darke,Region 10,4  Stars,87.7,95.8,109.3,0.0,8.4,14.5,29.8,20.8,25.1,1.3,96.1,94.4,31,"   $13,327"
046672,Mississinawa Valley Local,Darke,Region 10,4  Stars,80.8,88.3,109.3,0.0,16.2,16.9,24.2,21.8,20.9,0.0,87.5,86.9,39,"   $12,463"
046680,Tri-Village Local,Darke,Region 10,5  Stars,91.9,100.4,109.3,0.1,7.0,8.8,25.0,28.9,30.2,0.0,96.8,95.1,42.8,"   $10,715"
046706,Ayersville Local,Defiance,Region 1,4  Stars,89.2,97.5,109.3,0.0,8.1,11.8,27.7,26.8,25.0,0.6,100.0,99.4,33.8,"   $12,126"
046714,Central Local,Defiance,Region 1,4  Stars,83.2,90.9,109.3,0.0,13.7,15.6,26.5,22.6,20.7,1.0,90.1,92.1,47.6,"   $12,142"
046722,Northeastern Local,Defiance,Region 1,4  Stars,85.1,93.0,109.3,0.3,13.5,12.6,25.7,21.1,23.4,3.3,93.8,91.5,42,"   $12,921"
046748,Big Walnut Local,Delaware,Region 11,4  Stars,86.0,93.9,109.3,0.7,11.0,13.6,25.3,21.9,25.8,1.6,94.9,93.1,180.9,"   $10,684"
046755,Buckeye Valley Local,Delaware,Region 11,4  Stars,86.4,94.4,109.3,0.3,11.9,13.5,22.3,23.2,25.9,3.0,94.3,89.7,111.6,"   $13,744"
046763,Olentangy Local,Delaware,Region 11,5  Stars,94.3,103.1,109.3,0.7,5.8,7.9,20.0,24.3,38.1,3.2,103.3,102.3,1035.4,"   $12,347"
046789,Edison Local (formerly Berlin-Milan),Erie,Region 2,4  Stars,86.1,94.0,109.3,0.1,11.1,14.5,24.0,25.5,23.8,1.1,94.2,94.9,60.2,"   $10,320"
046805,Margaretta Local,Erie,Region 2,4  Stars,81.1,88.6,109.3,0.1,15.0,17.2,26.6,21.0,19.5,0.5,87.4,82.0,47,"   $12,261"
046813,Perkins Local,Erie,Region 2,3  Stars,79.3,86.6,109.3,0.4,16.8,17.1,27.9,19.4,17.4,0.9,86.6,84.6,87.8,"   $11,523"
046821,Vermilion Local,Erie,Region 2,4  Stars,80.8,88.3,109.3,0.4,15.4,16.5,26.4,22.2,18.4,0.7,89.0,86.9,70,"   $13,054"
046847,Amanda-Clearcreek Local,Fairfield,Region 11,3  Stars,72.9,79.6,109.3,0.2,22.8,21.4,26.3,15.7,13.1,0.5,79.7,81.4,76.5,"   $11,456"
046854,Berne Union Local,Fairfield,Region 11,3  Stars,78.1,85.3,109.3,0.0,17.9,18.3,28.9,18.6,15.8,0.5,86.7,83.4,39,"   $14,221"
046862,Bloom-Carroll Local,Fairfield,Region 11,4  Stars,85.1,93.0,109.3,0.5,11.4,14.1,27.0,23.4,22.4,1.2,92.7,91.0,97,"   $10,536"
046870,Fairfield Union Local,Fairfield,Region 11,4  Stars,81.3,88.8,109.3,0.4,14.9,16.2,27.1,21.7,19.0,0.7,89.5,87.1,82.5,"   $10,523"
046888,Liberty Union-Thurston Local,Fairfield,Region 11,4  Stars,81.6,89.2,109.3,0.3,14.0,17.4,26.7,21.3,19.8,0.5,87.6,81.1,54,"   $12,455"
046896,Pickerington Local,Fairfield,Region 11,4  Stars,82.5,90.1,109.3,0.3,15.4,15.2,24.3,19.6,22.0,3.1,89.2,88.8,433,"   $10,083"
046904,Walnut Township Local,Fairfield,Region 11,3  Stars,77.7,84.9,109.3,0.4,18.4,17.6,27.1,21.2,13.9,1.3,84.2,86.6,30.6,"   $15,589"
046920,Miami Trace Local,Fayette,Region 14,4  Stars,82.4,90.0,109.3,0.4,15.2,15.0,24.7,20.6,22.2,1.8,90.5,88.0,109,"   $11,231"
046946,Canal Winchester Local,Franklin,Region 11,3  Stars,78.9,86.2,109.3,0.1,18.1,17.8,24.0,19.9,19.1,1.1,86.8,85.1,182.1,"   $10,125"
046953,Hamilton Local,Franklin,Region 11,3  Stars,76.0,83.0,109.3,0.7,20.0,17.9,27.4,19.3,14.7,0.0,85.6,83.1,134.7,"    $9,407"
046961,Gahanna-Jefferson City,Franklin,Region 11,4  Stars,81.1,88.6,109.3,1.2,15.2,15.5,25.2,20.8,20.1,2.0,88.0,86.0,320.8,"   $10,757"
046979,Groveport Madison Local,Franklin,Region 11,2  Stars,63.5,69.4,109.3,1.7,33.8,21.2,22.0,12.3,7.9,1.2,67.5,67.3,232.1,"    $9,845"
046995,New Albany-Plain Local,Franklin,Region 11,5  Stars,95.6,104.5,109.3,0.1,5.8,7.8,20.5,22.9,33.9,9.0,104.7,103.3,215.8,"   $12,631"
047001,Reynoldsburg City,Franklin,Region 11,2  Stars,65.3,71.4,109.3,1.6,31.5,20.4,23.7,13.2,9.5,0.0,70.6,72.3,337,"    $9,400"
047019,Hilliard City,Franklin,Region 11,4  Stars,80.7,88.2,109.3,1.1,15.7,15.0,26.3,21.9,19.7,0.3,89.4,87.1,698.7,"   $11,497"
047027,Dublin City,Franklin,Region 11,4  Stars,89.7,98.0,109.3,1.1,9.5,10.2,21.0,23.3,29.9,5.0,97.3,96.1,836.9,"   $13,214"
047043,Archbold-Area Local,Fulton,Region 1,5  Stars,91.0,99.4,109.3,0.2,8.0,10.0,24.5,24.8,30.8,1.8,97.5,97.8,57.8,"   $11,746"
047050,Evergreen Local,Fulton,Region 1,4  Stars,88.5,96.7,109.3,0.0,9.9,12.0,25.5,23.8,26.8,2.0,97.1,95.1,60,"   $12,311"
047068,Fayette Local,Fulton,Region 1,3  Stars,74.3,81.2,109.3,0.0,21.2,20.5,26.6,20.5,11.2,0.0,79.8,79.8,21.4,"   $13,691"
047076,Pettisville Local,Fulton,Region 1,4  Stars,89.9,98.2,109.3,0.0,7.7,11.5,27.6,24.8,27.9,0.5,96.2,97.5,24.7,"   $13,105"
047084,Pike-Delta-York Local,Fulton,Region 1,4  Stars,86.6,94.6,109.3,0.2,10.6,13.2,26.9,24.5,22.4,2.1,95.5,94.3,51.7,"   $12,618"
047092,Swanton Local,Fulton,Region 1,4  Stars,81.8,89.4,109.3,0.3,13.2,16.3,31.6,23.6,14.5,0.5,92.4,93.3,55.4,"   $11,340"
047167,Berkshire Local,Geauga,Region 4,3  Stars,78.6,85.9,109.3,0.1,17.3,18.7,26.2,20.5,16.1,1.2,84.8,82.8,61.8,"   $13,175"
047175,Cardinal Local,Geauga,Region 4,3  Stars,75.4,82.3,109.3,0.7,20.1,20.9,22.8,18.0,15.0,2.4,83.2,83.2,36.4,"   $13,094"
047183,Chardon Local,Geauga,Region 4,5  Stars,93.2,101.9,109.3,0.2,6.5,9.4,24.4,24.3,26.6,8.6,100.1,98.2,111.5,"   $15,159"
047191,Kenston Local,Geauga,Region 4,5  Stars,95.9,104.8,109.3,0.3,4.9,7.5,20.7,24.9,34.6,7.1,102.5,103.1,123.4,"   $14,663"
047225,West Geauga Local,Geauga,Region 4,5  Stars,99.0,108.2,109.3,0.0,2.9,6.4,19.2,24.5,37.9,9.2,108.1,106.7,96.3,"   $13,296"
047241,Beavercreek City,Greene,Region 10,4  Stars,88.9,97.1,109.3,0.2,10.2,11.9,21.9,22.6,31.0,2.4,97.5,97.1,305.6,"   $10,423"
047258,Cedar Cliff Local,Greene,Region 10,4  Stars,88.2,96.3,109.3,0.2,10.7,11.4,22.0,24.9,30.7,0.0,98.6,95.7,28.8,"   $12,176"
047266,Greeneview Local,Greene,Region 10,4  Stars,80.5,88.0,109.3,0.2,15.0,18.0,26.4,22.1,17.7,0.4,88.6,86.8,64.1,"   $11,024"
047274,Bellbrook-Sugarcreek Local,Greene,Region 10,5  Stars,93.0,101.6,109.3,0.4,7.8,8.1,20.4,24.4,34.1,4.8,102.2,100.9,102.7,"   $11,010"
047308,Rolling Hills Local,Guernsey,Region 12,2  Stars,68.9,75.3,109.3,0.2,29.0,19.8,25.0,15.8,9.8,0.4,79.3,75.7,67.4,"    $9,709"
047332,Finneytown Local,Hamilton,Region 13,2  Stars,63.1,69.0,109.3,0.3,36.5,20.4,21.7,12.1,8.7,0.3,69.4,67.2,65.3,"   $11,767"
047340,Forest Hills Local,Hamilton,Region 13,5  Stars,92.9,101.5,109.3,0.2,6.8,9.1,21.7,25.1,35.0,2.1,101.3,100.0,330.4,"   $11,659"
047365,Northwest Local,Hamilton,Region 13,2  Stars,66.8,73.0,109.3,0.8,31.6,19.5,23.1,13.6,10.9,0.6,72.8,71.9,362.6,"    $8,905"
047373,Oak Hills Local,Hamilton,Region 13,4  Stars,85.8,93.7,109.3,0.5,13.3,14.1,20.1,20.6,22.6,8.8,92.8,90.2,294,"    $9,543"
047381,Southwest Local,Hamilton,Region 13,4  Stars,82.2,89.8,109.3,0.6,14.9,15.3,24.3,20.9,22.9,1.1,89.3,86.1,148.6,"    $9,988"
047399,Three Rivers Local,Hamilton,Region 13,4  Stars,82.0,89.6,109.3,0.0,16.0,15.6,24.7,19.4,22.6,1.7,90.3,90.5,86.1,"   $10,372"
047415,Arcadia Local,Hancock,Region 1,4  Stars,85.1,93.0,109.3,0.0,11.4,14.4,30.4,21.0,22.0,0.8,95.9,92.8,33.1,"   $12,576"
047423,Arlington Local,Hancock,Region 1,4  Stars,87.6,95.7,109.3,0.0,9.5,14.4,24.5,23.9,25.3,2.3,97.4,92.4,34,"   $11,686"
047431,Cory-Rawson Local,Hancock,Region 1,3  Stars,70.7,77.2,109.3,0.0,25.6,20.5,30.5,14.4,8.8,0.2,81.2,80.8,25.5,"   $15,094"
047449,Liberty-Benton Local,Hancock,Region 1,5  Stars,90.7,99.1,109.3,0.1,7.6,10.9,24.2,25.9,30.4,0.9,99.1,100.0,64.7,"    $9,630"
047456,McComb Local,Hancock,Region 1,4  Stars,80.6,88.1,109.3,0.2,15.8,16.6,25.7,23.0,18.1,0.5,86.6,85.7,40.1,"   $13,619"
047464,Van Buren Local,Hancock,Region 1,4  Stars,88.1,96.3,109.3,0.0,9.7,12.6,26.8,23.0,25.7,2.3,97.2,93.9,61,"   $11,912"
047472,Vanlue Local,Hancock,Region 1,3  Stars,74.6,81.5,109.3,0.5,22.6,19.2,23.6,13.9,19.7,0.5,79.0,84.6,13,"   $17,670"
047498,Hardin Northern Local,Hardin,Region 6,4  Stars,81.0,88.5,109.3,0.0,15.3,18.4,23.4,21.1,21.4,0.5,87.0,88.1,26,"   $21,128"
047506,Ridgemont Local,Hardin,Region 6,3  Stars,74.0,80.9,109.3,0.4,21.4,19.8,28.4,18.7,10.9,0.4,79.3,80.8,28,"   $13,202"
047514,Riverdale Local,Hancock,Region 6,3  Stars,74.4,81.3,109.3,0.5,20.8,20.3,26.6,18.7,13.2,0.0,83.3,80.5,41,"   $10,043"
047522,Upper Scioto Valley Local,Hardin,Region 6,3  Stars,72.0,78.7,109.3,0.1,23.2,22.8,24.8,15.9,13.1,0.0,78.9,73.7,26.4,"   $12,888"
047548,Conotton Valley Union Local,Harrison,Region 12,4  Stars,82.5,90.1,109.3,0.0,11.9,18.1,32.1,19.4,18.1,0.4,85.6,74.5,31.8,"   $16,158"
047571,Holgate Local,Henry,Region 1,4  Stars,82.8,90.4,109.3,0.0,13.1,16.3,27.9,25.1,16.5,1.1,93.7,91.9,27,"   $14,540"
047589,Liberty Center Local,Henry,Region 1,5  Stars,91.6,100.1,109.3,0.0,6.2,11.0,25.7,27.3,29.0,0.8,96.3,94.1,55,"   $12,687"
047597,Patrick Henry Local,Henry,Region 1,4  Stars,86.4,94.4,109.3,0.1,10.4,13.4,28.3,24.2,22.9,0.6,93.8,93.7,49,"   $14,094"
047613,Bright Local,Highland,Region 14,3  Stars,79.8,87.2,109.3,0.4,13.5,21.1,27.4,20.4,17.0,0.2,88.2,86.7,39,"   $11,538"
047621,Fairfield Local,Highland,Region 14,4  Stars,83.9,91.6,109.3,0.2,12.4,16.2,25.1,23.2,22.1,0.9,90.4,91.6,41,"   $11,181"
047639,Lynchburg-Clay Local,Highland,Region 14,4  Stars,83.0,90.7,109.3,0.2,13.0,15.2,28.8,24.9,17.9,0.0,90.7,93.4,60.1,"   $12,371"
047688,East Holmes Local,Holmes,Region 12,4  Stars,89.7,98.0,109.3,0.2,9.0,11.0,22.3,26.9,29.3,1.2,98.9,97.7,80.3,"   $12,204"
047696,West Holmes Local,Holmes,Region 9,4  Stars,80.6,88.1,109.3,0.2,16.9,14.8,27.8,20.8,19.6,0.0,88.3,87.5,98.2,"   $11,427"
047712,Monroeville Local,Huron,Region 2,3  Stars,75.3,82.3,109.3,0.1,17.0,24.2,29.6,18.1,10.7,0.2,80.5,78.7,33,"   $12,387"
047720,New London Local,Huron,Region 2,3  Stars,75.9,82.9,109.3,0.6,20.8,18.0,26.5,19.3,10.9,3.9,84.4,79.0,47.5,"   $13,908"
047738,South Central Local,Huron,Region 2,3  Stars,76.8,83.9,109.3,2.2,16.5,19.7,24.8,19.5,16.8,0.6,86.1,85.1,42.4,"   $11,352"
047746,Western Reserve Local,Huron,Region 2,3  Stars,75.7,82.7,109.3,0.0,21.0,18.5,27.4,18.0,14.8,0.3,83.4,82.3,44,"   $11,720"
047761,Oak Hill Union Local,Jackson,Region 16,3  Stars,75.7,82.8,109.3,0.7,19.8,18.6,28.7,17.6,14.6,0.0,85.7,86.0,64,"    $9,517"
047787,Buckeye Local,Jefferson,Region 12,2  Stars,69.2,75.6,109.3,0.5,26.7,21.3,26.8,15.7,8.9,0.0,80.7,76.5,83.6,"   $11,379"
047795,Edison Local,Jefferson,Region 12,4  Stars,81.6,89.1,109.3,0.4,15.1,15.8,25.9,21.8,20.8,0.2,84.6,80.9,59.9,"   $10,946"
047803,Indian Creek Local,Jefferson,Region 12,3  Stars,75.9,82.9,109.3,1.7,18.0,18.5,29.6,19.5,12.4,0.3,79.0,75.3,83.7,"    $8,151"
047829,Centerburg Local,Knox,Region 7,4  Stars,85.7,93.7,109.3,0.3,11.1,13.2,28.2,24.5,22.8,0.0,92.8,88.9,49.4,"   $10,417"
047837,Danville Local,Knox,Region 7,3  Stars,79.4,86.8,109.3,0.0,15.9,19.6,24.2,23.0,17.3,0.0,87.5,83.4,36,"   $11,199"
047845,East Knox Local,Knox,Region 7,3  Stars,74.3,81.2,109.3,0.7,20.5,20.9,26.4,18.1,13.5,0.1,78.7,80.3,49.1,"   $11,304"
047852,Fredericktown Local,Knox,Region 7,4  Stars,83.2,90.9,109.3,0.4,11.0,17.8,29.9,20.9,19.9,0.1,93.3,93.1,54.3,"    $9,121"
047878,Kirtland Local,Lake,Region 4,5  Stars,93.4,102.1,109.3,0.3,5.9,9.3,22.7,25.0,33.1,3.7,101.0,97.5,57,"   $13,077"
047886,Madison Local,Lake,Region 4,3  Stars,78.2,85.4,109.3,1.1,17.4,17.3,26.7,19.6,17.6,0.3,84.9,82.9,107.6,"    $9,176"
047894,Riverside Local,Lake,Region 4,4  Stars,82.9,90.5,109.3,0.5,13.3,15.8,26.8,21.9,20.7,1.0,89.3,86.6,175.5,"   $11,561"
047902,Perry Local,Lake,Region 4,4  Stars,85.1,93.0,109.3,0.0,12.0,14.3,27.3,23.1,21.4,1.9,92.1,90.2,74.2,"   $14,292"
047928,Dawson-Bryant Local,Lawrence,Region 15,3  Stars,76.7,83.8,109.3,0.4,20.6,16.3,26.7,21.0,14.9,0.2,86.2,81.3,62,"    $9,073"
047936,Fairland Local,Lawrence,Region 15,3  Stars,79.2,86.6,109.3,0.6,17.8,16.2,24.8,20.9,19.3,0.4,87.9,85.2,66.6,"    $8,533"
047944,Rock Hill Local,Lawrence,Region 15,3  Stars,70.6,77.2,109.3,0.2,27.1,19.3,25.1,15.7,12.1,0.4,76.9,77.0,84,"   $12,304"
047951,South Point Local,Lawrence,Region 15,2  Stars,69.7,76.1,109.3,1.6,26.2,20.0,23.2,17.5,11.5,0.0,77.3,76.0,73,"   $10,576"
047969,Symmes Valley Local,Lawrence,Region 15,3  Stars,74.7,81.7,109.3,0.3,22.6,17.9,25.9,17.7,15.5,0.1,82.0,80.9,46.6,"   $11,633"
047985,Johnstown-Monroe Local,Licking,Region 11,4  Stars,87.2,95.2,109.3,0.3,9.8,13.6,25.4,24.1,26.0,0.7,96.0,92.2,77.1,"   $12,008"
047993,Lakewood Local,Licking,Region 11,3  Stars,77.6,84.8,109.3,0.4,19.1,17.5,27.3,17.7,15.7,2.3,84.8,81.9,89,"   $12,005"
048009,Licking Heights Local,Licking,Region 11,3  Stars,76.6,83.7,109.3,0.2,19.9,19.1,26.2,17.6,14.4,2.7,81.9,81.6,209.2,"    $8,196"
048017,Licking Valley Local,Licking,Region 11,3  Stars,76.9,84.1,109.3,0.0,17.4,20.5,30.6,18.7,12.2,0.6,83.5,80.5,106,"    $9,026"
048025,North Fork Local,Licking,Region 11,3  Stars,75.6,82.6,109.3,0.7,19.5,19.3,27.2,19.9,12.9,0.4,83.0,80.2,82.6,"   $11,156"
048033,Northridge Local,Licking,Region 11,4  Stars,80.0,87.4,109.3,0.2,16.8,16.3,28.7,19.0,17.8,1.3,86.3,84.0,53.9,"   $11,767"
048041,Southwest Licking Local,Licking,Region 11,4  Stars,82.1,89.7,109.3,0.6,14.8,15.0,26.1,21.8,20.6,1.0,88.7,87.1,186,"    $8,416"
048074,Benjamin Logan Local,Logan,Region 6,4  Stars,83.9,91.6,109.3,0.1,12.8,15.2,26.8,23.2,21.1,0.8,90.2,91.2,79.5,"   $10,600"
048082,Indian Lake Local,Logan,Region 6,4  Stars,83.4,91.2,109.3,0.1,14.2,14.8,25.8,21.1,21.2,2.7,93.0,90.9,70.6,"   $10,990"
048090,Riverside Local,Logan,Region 6,3  Stars,77.5,84.7,109.3,0.1,17.2,19.3,30.7,20.3,11.5,0.8,85.3,86.6,36.3,"   $13,424"
048116,Avon Local,Lorain,Region 2,5  Stars,93.2,101.8,109.3,0.1,7.9,8.9,20.6,20.9,34.8,6.7,102.2,101.1,178.5,"    $9,910"
048124,Avon Lake City,Lorain,Region 2,5  Stars,93.4,102.0,109.3,0.5,6.4,8.6,20.4,25.9,36.0,2.1,101.8,99.6,171.2,"   $12,475"
048132,Clearview Local,Lorain,Region 2,2  Stars,61.9,67.7,109.3,2.2,33.7,22.9,22.8,11.6,6.8,0.1,70.0,70.4,75.5,"   $11,388"
048140,Columbia Local,Lorain,Region 2,4  Stars,84.7,92.5,109.3,0.1,11.6,15.6,27.8,22.4,19.7,2.7,92.9,94.2,53.3,"   $12,302"
048157,Firelands Local,Lorain,Region 2,4  Stars,84.2,91.9,109.3,0.3,12.8,14.5,27.6,21.6,22.2,1.1,90.9,89.8,82.3,"   $10,584"
048165,Keystone Local,Lorain,Region 2,4  Stars,81.4,89.0,109.3,0.7,13.8,16.8,28.8,21.2,17.3,1.4,88.2,89.5,61,"    $9,674"
048173,Midview Local,Lorain,Region 2,4  Stars,82.8,90.4,109.3,0.9,13.4,15.0,27.4,22.0,19.1,2.3,89.9,88.2,132.6,"   $11,251"
048207,Anthony Wayne Local,Lucas,Region 1,5  Stars,94.6,103.4,109.3,0.2,5.7,7.9,21.6,25.4,35.7,3.5,102.2,99.5,162.3,"   $11,248"
048215,Ottawa Hills Local,Lucas,Region 1,5  Stars,99.1,108.3,109.3,0.2,3.2,4.8,16.4,25.9,48.2,1.3,106.1,105.3,59.3,"   $14,899"
048223,Springfield Local,Lucas,Region 1,3  Stars,71.9,78.5,109.3,1.3,24.0,19.4,25.3,17.0,12.3,0.7,81.9,79.2,172.5,"   $11,316"
048231,Washington Local,Lucas,Region 1,2  Stars,67.7,74.0,109.3,0.4,29.1,21.8,24.4,14.3,9.6,0.4,71.6,73.7,273,"   $10,125"
048256,Jefferson Local,Madison,Region 11,3  Stars,77.8,85.1,109.3,0.2,15.6,20.7,30.9,20.8,11.8,0.0,85.6,82.3,53.8,"   $14,747"
048264,Jonathan Alder Local,Madison,Region 11,4  Stars,86.2,94.2,109.3,0.4,12.2,12.4,25.4,22.1,24.8,2.8,93.5,92.4,93.5,"   $10,652"
048272,Madison-Plains Local,Madison,Region 11,4  Stars,81.0,88.5,109.3,0.1,14.1,17.5,29.6,22.2,16.4,0.0,88.3,88.0,54.8,"   $12,222"
048298,Austintown Local Schools,Mahoning,Region 5,4  Stars,80.7,88.1,109.3,0.5,16.0,16.6,25.3,19.7,21.0,1.0,89.7,90.3,197.4,"    $9,222"
048306,Boardman Local,Mahoning,Region 5,4  Stars,85.6,93.6,109.3,0.4,11.2,13.6,27.0,23.6,23.1,1.0,92.2,90.6,189.7,"   $10,520"
048314,Canfield Local,Mahoning,Region 5,5  Stars,95.4,104.2,109.3,0.0,5.1,7.6,21.5,26.8,36.1,3.0,104.3,102.8,125,"   $10,670"
048322,Jackson-Milton Local,Mahoning,Region 5,4  Stars,86.3,94.3,109.3,0.2,9.5,15.1,26.4,26.1,22.6,0.2,94.8,92.9,44,"   $11,404"
048330,Lowellville Local,Mahoning,Region 5,3  Stars,74.1,81.0,109.3,0.3,22.1,20.2,24.2,19.2,13.8,0.3,80.4,81.9,27,"   $11,957"
048348,Poland Local,Mahoning,Region 5,4  Stars,88.9,97.2,109.3,0.4,7.8,12.4,27.0,26.5,24.0,1.9,96.4,94.9,82.6,"   $10,028"
048355,Sebring Local,Mahoning,Region 5,3  Stars,72.2,78.9,109.3,0.8,22.4,22.0,26.1,16.1,12.5,0.2,79.9,77.9,24.1,"   $14,272"
048363,South Range Local,Mahoning,Region 5,5  Stars,93.3,101.9,109.3,0.1,5.2,9.9,25.1,24.4,33.7,1.5,101.6,101.0,51,"   $10,553"
048371,Springfield Local,Mahoning,Region 5,4  Stars,87.7,95.8,109.3,0.0,8.9,14.3,25.3,26.6,24.0,0.9,97.7,93.6,53.4,"   $11,883"
048389,West Branch Local,Mahoning,Region 5,4  Stars,85.6,93.6,109.3,0.2,12.0,13.5,26.7,21.0,25.5,1.2,91.7,91.2,87.7,"   $10,003"
048397,Western Reserve Local,Mahoning,Region 5,4  Stars,88.1,96.2,109.3,0.3,9.0,13.4,24.3,25.4,26.2,1.4,98.0,96.2,42.1,"   $13,694"
048413,Elgin Local,Marion,Region 7,3  Stars,73.8,80.7,109.3,0.3,22.4,19.8,26.4,17.2,13.0,0.8,84.3,81.6,55,"   $11,130"
048421,Pleasant Local,Marion,Region 7,4  Stars,81.5,89.0,109.3,0.1,16.1,15.4,26.8,20.2,18.7,2.6,87.6,82.7,63.8,"   $10,912"
048439,Ridgedale Local,Marion,Region 7,3  Stars,71.6,78.2,109.3,0.0,25.3,19.8,27.8,16.2,10.9,0.1,79.7,77.5,37.9,"   $11,866"
048447,River Valley Local,Marion,Region 7,3  Stars,79.8,87.2,109.3,0.2,15.7,18.2,27.1,21.5,16.9,0.5,88.0,84.7,80.1,"   $10,354"
048462,Black River Local,Medina,Region 7,4  Stars,80.4,87.8,109.3,0.2,16.1,17.1,26.2,21.2,17.0,2.1,89.6,85.8,47.5,"   $15,064"
048470,Buckeye Local,Medina,Region 8,4  Stars,87.0,95.1,109.3,0.0,10.3,12.8,28.1,24.2,23.4,1.1,95.5,93.9,91.6,"   $10,554"
048488,Cloverleaf Local,Medina,Region 8,4  Stars,86.9,95.0,109.3,0.1,11.4,12.9,24.6,21.7,27.7,1.6,92.7,91.1,100,"   $12,948"
048496,Highland Local,Medina,Region 8,5  Stars,96.2,105.1,109.3,0.2,4.5,7.1,21.0,24.3,41.0,2.0,105.0,102.4,133.5,"   $10,162"
048512,Eastern Local,Meigs,Region 16,3  Stars,70.3,76.9,109.3,0.1,26.9,20.5,24.4,16.3,11.5,0.3,80.0,79.9,38,"   $11,621"
048520,Meigs Local,Meigs,Region 16,2  Stars,59.3,64.8,109.3,0.6,38.6,23.7,22.2,10.9,4.0,0.0,69.2,66.2,75,"   $11,309"
048538,Southern Local,Meigs,Region 16,3  Stars,71.1,77.7,109.3,1.3,24.0,19.9,27.7,17.2,9.7,0.3,80.6,81.3,38,"    $9,311"
048553,Marion Local,Mercer,Region 6,5  Stars,102.0,111.5,109.3,0.2,1.4,3.7,14.4,23.9,52.5,3.9,110.8,107.8,48.5,"    $9,966"
048579,Parkway Local,Mercer,Region 6,4  Stars,84.6,92.4,109.3,0.0,12.9,15.3,23.5,23.1,23.7,1.6,93.7,92.4,48,"   $12,048"
048587,St Henry Consolidated Local,Mercer,Region 6,5  Stars,96.6,105.5,109.3,0.0,3.9,7.7,19.7,25.6,41.4,1.8,106.8,104.8,48.8,"   $10,159"
048595,Fort Recovery Local,Mercer,Region 6,5  Stars,93.7,102.4,109.3,0.2,5.1,9.2,24.4,25.4,33.8,1.9,102.3,102.7,46.1,"   $10,930"
048611,Bethel Local,Miami,Region 10,4  Stars,82.1,89.7,109.3,0.4,13.7,16.3,27.4,22.8,19.1,0.4,89.0,89.8,79,"    $8,356"
048629,Miami East Local,Miami,Region 10,5  Stars,91.0,99.4,109.3,0.3,7.1,11.0,23.1,27.7,29.7,1.1,100.6,99.5,63.5,"   $12,569"
048637,Newton Local,Miami,Region 10,5  Stars,91.8,100.3,109.3,0.0,5.1,12.0,24.7,29.9,27.4,0.9,97.7,98.8,27,"   $13,435"
048652,Switzerland of Ohio Local,Monroe,Region 12,3  Stars,70.2,76.7,109.3,0.3,26.5,20.5,26.2,16.3,9.6,0.6,77.9,75.9,146.9,"   $19,830"
048678,Brookville Local,Montgomery,Region 10,4  Stars,86.8,94.8,109.3,0.2,9.7,14.1,27.2,23.3,24.5,0.9,97.9,97.3,71.6,"    $9,663"
048686,Jefferson Township Local,Montgomery,Region 10,1  Star,42.0,45.9,109.3,1.2,67.4,15.9,9.8,5.2,0.6,0.0,47.9,51.0,19,"   $21,041"
048694,Trotwood-Madison City,Montgomery,Region 10,1  Star,47.6,52.0,109.3,4.5,51.8,20.7,15.3,5.3,2.3,0.1,51.3,48.6,128.3,"   $11,816"
048702,Mad River Local,Montgomery,Region 10,2  Stars,69.5,76.0,109.3,1.9,25.0,21.4,23.9,16.2,11.5,0.1,76.1,75.7,161.4,"   $10,388"
048710,New Lebanon Local School District,Montgomery,Region 10,3  Stars,74.0,80.9,109.3,2.0,19.8,18.3,30.8,18.0,11.1,0.0,80.1,78.0,58.4,"   $10,997"
048728,Northmont City,Montgomery,Region 10,4  Stars,81.4,89.0,109.3,0.2,15.9,15.8,25.4,20.3,21.4,1.0,90.3,89.0,206.2,"   $11,436"
048736,Northridge Local,Montgomery,Region 10,1  Star,48.5,53.0,109.3,2.9,53.3,19.8,15.3,6.4,2.3,0.0,56.7,55.8,81,"   $11,743"
048744,Valley View Local,Montgomery,Region 10,3  Stars,79.7,87.0,109.3,0.2,16.9,18.2,24.5,18.9,19.8,1.5,87.5,86.0,73.6,"   $10,721"
048751,Huber Heights City,Montgomery,Region 10,2  Stars,66.3,72.4,109.3,0.9,31.1,21.3,22.3,14.0,9.6,0.8,71.9,71.1,242.9,"    $9,891"
048777,Morgan Local,Morgan,Region 12,3  Stars,74.4,81.3,109.3,0.5,21.2,19.5,27.3,19.0,12.4,0.1,82.3,80.6,85,"   $12,241"
048793,Cardington-Lincoln Local,Morrow,Region 7,3  Stars,73.5,80.3,109.3,0.0,22.3,20.9,27.7,16.9,11.0,1.1,82.4,79.2,46.2,"    $9,830"
048801,Highland Local,Morrow,Region 7,3  Stars,79.2,86.6,109.3,0.3,16.2,18.1,28.7,19.3,16.4,0.9,87.2,85.9,97.5,"   $10,431"
048819,Northmor Local,Morrow,Region 7,4  Stars,83.0,90.6,109.3,0.1,12.7,16.7,28.6,21.9,19.3,0.8,92.5,87.0,51.5,"   $10,828"
048835,East Muskingum Local,Muskingum,Region 12,4  Stars,88.4,96.5,109.3,0.2,9.4,12.4,24.8,23.9,28.1,1.1,95.7,93.6,97.8,"    $9,313"
048843,Franklin Local,Muskingum,Region 12,3  Stars,72.4,79.1,109.3,1.0,23.1,20.3,25.2,17.2,12.8,0.3,79.2,79.3,109.6,"   $11,342"
048850,Maysville Local,Muskingum,Region 12,3  Stars,72.2,78.9,109.3,0.4,24.3,20.0,25.3,17.1,12.5,0.4,80.6,79.7,80,"    $8,874"
048876,Tri-Valley Local,Muskingum,Region 12,4  Stars,83.7,91.5,109.3,0.1,12.7,15.7,25.7,24.2,21.5,0.1,91.4,87.7,117.5,"    $9,881"
048884,West Muskingum Local,Muskingum,Region 12,3  Stars,78.8,86.1,109.3,0.4,17.7,16.3,27.9,21.3,16.4,0.0,86.4,83.4,62.8,"    $7,915"
048900,Noble Local,Noble,Region 12,3  Stars,76.9,84.1,109.3,0.3,16.9,22.1,25.3,20.1,15.2,0.1,85.5,84.8,54.2,"   $17,825"
048926,Benton Carroll Salem Local,Ottawa,Region 1,4  Stars,88.8,97.0,109.3,0.0,8.8,12.7,24.9,24.7,28.0,0.8,98.0,97.9,62,"   $13,714"
048934,Danbury Local,Ottawa,Region 1,4  Stars,84.2,92.0,109.3,0.0,12.9,14.1,28.8,22.5,20.9,0.8,92.1,90.7,33,"   $17,308"
048942,Genoa Area Local,Ottawa,Region 1,4  Stars,81.9,89.5,109.3,0.3,13.9,16.9,27.5,21.3,19.8,0.5,92.3,89.3,66.5,"   $10,247"
048975,Put-In-Bay Local,Ottawa,Region 1,3  Stars,75.9,82.9,109.3,0.0,21.8,17.9,21.8,23.1,15.4,0.0,87.8,87.5,10,"   $38,798"
048991,Antwerp Local,Paulding,Region 1,4  Stars,88.5,96.7,109.3,0.0,8.7,11.9,29.3,26.3,22.7,1.1,95.7,96.0,35.3,"   $12,754"
049031,Wayne Trace Local,Paulding,Region 1,4  Stars,83.9,91.6,109.3,0.0,13.6,14.7,26.4,21.5,23.0,0.9,93.4,95.1,52.3,"   $14,145"
049056,Northern Local,Perry,Region 12,4  Stars,81.3,88.9,109.3,0.6,14.3,15.6,30.2,22.2,16.8,0.3,87.8,87.8,94.3,"    $9,265"
049064,Southern Local,Perry,Region 16,2  Stars,66.4,72.5,109.3,0.1,30.9,22.2,24.6,14.0,7.3,0.9,74.7,74.5,39.7,"   $11,960"
049080,Logan Elm Local,Pickaway,Region 11,3  Stars,79.7,87.0,109.3,0.7,17.0,15.8,26.5,21.1,17.8,1.1,86.9,83.8,90,"   $11,214"
049098,Teays Valley Local,Pickaway,Region 11,4  Stars,82.5,90.2,109.3,1.0,13.7,14.6,27.5,22.2,19.8,1.2,91.4,89.5,180,"    $9,795"
049106,Westfall Local,Pickaway,Region 11,3  Stars,75.6,82.6,109.3,0.0,19.6,20.0,29.3,19.6,11.5,0.0,83.2,81.5,49,"   $12,278"
049122,Eastern Local School District,Pike,Region 15,3  Stars,75.4,82.4,109.3,0.7,19.8,18.8,28.5,19.4,12.7,0.0,81.3,79.0,47,"   $14,137"
049130,Scioto Valley Local,Pike,Region 15,2  Stars,66.9,73.1,109.3,0.7,29.5,21.8,24.3,14.7,8.9,0.0,72.6,70.3,65,"    $9,196"
049148,Waverly City,Pike,Region 15,2  Stars,67.2,73.4,109.3,0.4,30.8,20.2,23.8,14.6,10.2,0.0,74.9,68.8,79,"    $9,739"
049155,Western Local,Pike,Region 15,2  Stars,65.9,72.0,109.3,0.0,32.0,20.9,26.5,13.0,7.5,0.0,73.4,72.2,33,"   $13,561"
049171,Aurora City,Portage,Region 8,5  Stars,95.4,104.2,109.3,0.2,5.2,7.6,20.7,26.5,36.2,3.7,103.7,102.7,143.3,"   $12,954"
049189,Crestwood Local,Portage,Region 8,3  Stars,76.4,83.5,109.3,0.1,21.1,16.8,26.9,19.7,14.8,0.5,84.3,81.0,71.3,"   $12,586"
049197,Field Local,Portage,Region 8,4  Stars,81.7,89.3,109.3,0.2,14.0,17.2,27.1,22.3,18.3,0.9,91.2,87.9,90.6,"    $9,950"
049205,James A Garfield Local,Portage,Region 8,4  Stars,81.5,89.1,109.3,0.0,14.9,16.9,27.4,20.3,18.7,1.8,85.6,84.8,57.7,"   $12,179"
049213,Rootstown Local,Portage,Region 8,3  Stars,77.9,85.1,109.3,0.1,18.0,18.3,28.5,20.8,13.7,0.7,85.0,84.2,50.5,"   $11,657"
049221,Southeast Local,Portage,Region 8,3  Stars,76.7,83.9,109.3,0.2,19.9,18.3,25.8,19.2,16.0,0.6,87.4,86.4,79.1,"   $13,168"
049239,Streetsboro City,Portage,Region 8,3  Stars,78.0,85.2,109.3,0.4,18.2,18.1,24.7,21.4,16.4,0.8,81.8,81.6,96,"   $12,005"
049247,Waterloo Local,Portage,Region 8,3  Stars,78.0,85.3,109.3,0.0,17.9,17.3,30.5,21.5,12.8,0.0,87.5,82.0,38,"   $10,241"
049270,National Trail Local,Preble,Region 10,3  Stars,79.0,86.3,109.3,1.4,14.3,18.9,28.0,22.3,14.5,0.6,85.2,82.8,56.7,"   $14,176"
049288,Preble Shawnee Local,Preble,Region 10,3  Stars,71.9,78.5,109.3,1.0,22.8,21.3,26.9,16.5,10.8,0.7,78.6,75.0,68.7,"   $10,667"
049296,Twin Valley Community Local,Preble,Region 10,3  Stars,75.9,82.9,109.3,0.5,20.7,17.1,28.4,19.7,13.7,0.0,79.0,79.8,37.5,"   $11,530"
049312,Columbus Grove Local,Putnam,Region 1,5  Stars,90.6,99.0,109.3,0.0,6.8,12.0,25.5,27.2,27.8,0.9,98.7,95.7,43.1,"   $11,322"
049320,Continental Local,Putnam,Region 1,4  Stars,85.3,93.2,109.3,0.0,10.1,16.3,27.7,24.3,20.8,0.7,93.1,93.9,31,"   $12,551"
049338,Jennings Local,Putnam,Region 1,4  Stars,85.3,93.2,109.3,0.0,9.7,15.9,27.2,31.1,16.1,0.0,95.3,97.0,24.3,"   $12,681"
049346,Kalida Local,Putnam,Region 1,5  Stars,96.4,105.4,109.3,0.0,3.6,6.4,21.4,32.6,35.9,0.0,103.4,104.0,34.5,"   $11,520"
049353,Leipsic Local,Putnam,Region 1,4  Stars,84.3,92.1,109.3,0.4,10.8,14.4,32.5,26.5,14.9,0.5,93.5,90.8,36.2,"   $10,297"
049361,Miller City-New Cleveland Local,Putnam,Region 1,5  Stars,99.0,108.2,109.3,0.0,2.5,4.8,18.2,30.2,44.3,0.0,107.5,106.5,28,"   $11,830"
049379,Ottawa-Glandorf Local,Putnam,Region 1,4  Stars,89.4,97.7,109.3,0.3,7.8,11.2,27.7,26.9,25.3,0.7,95.5,95.8,76.5,"   $10,775"
049387,Ottoville Local,Putnam,Region 1,5  Stars,94.4,103.1,109.3,0.0,5.7,8.1,22.5,24.7,38.7,0.3,104.8,103.7,29,"   $11,915"
049395,Pandora-Gilboa Local,Putnam,Region 1,4  Stars,85.2,93.0,109.3,0.4,11.7,12.9,28.0,25.8,21.1,0.0,95.3,96.1,30.9,"   $13,125"
049411,Clear Fork Valley Local,Richland,Region 7,4  Stars,81.2,88.7,109.3,0.3,13.2,18.8,29.6,20.6,16.2,1.4,86.6,85.3,74.8,"   $10,130"
049429,Crestview Local,Richland,Region 7,3  Stars,78.8,86.1,109.3,0.0,17.8,18.5,26.0,18.5,16.9,2.2,85.2,85.5,49,"   $12,407"
049437,Lexington Local,Richland,Region 7,4  Stars,88.0,96.1,109.3,0.8,9.0,13.0,25.1,22.6,27.4,2.2,94.3,91.7,102,"    $9,911"
049445,Lucas Local,Richland,Region 7,4  Stars,81.0,88.5,109.3,0.0,13.0,19.2,32.3,19.8,14.6,1.1,87.5,87.0,34.1,"   $15,469"
049452,Madison Local,Richland,Region 7,3  Stars,74.9,81.9,109.3,0.7,21.0,19.0,25.9,18.3,15.0,0.1,82.3,81.9,150.5,"   $10,597"
049460,Plymouth-Shiloh Local,Richland,Region 7,3  Stars,78.7,85.9,109.3,0.0,17.6,18.4,26.1,20.4,16.3,1.2,86.9,81.8,42,"   $12,657"
049478,Ontario Local,Richland,Region 7,4  Stars,87.3,95.3,109.3,0.3,9.2,13.6,28.4,25.0,20.2,3.3,94.4,93.4,83.5,"    $9,223"
049494,Adena Local,Ross,Region 15,3  Stars,70.1,76.5,109.3,0.5,26.6,19.9,26.5,16.6,9.7,0.2,77.1,79.0,51.7,"    $9,751"
049502,Huntington Local,Ross,Region 15,2  Stars,68.8,75.1,109.3,0.3,28.9,20.4,24.0,15.4,10.9,0.2,75.3,71.9,69.2,"   $10,064"
049510,Paint Valley Local,Ross,Region 15,3  Stars,70.6,77.1,109.3,0.0,24.8,22.4,28.2,15.2,9.4,0.0,80.1,73.2,45.7,"   $13,459"
049528,Southeastern Local,Ross,Region 15,4  Stars,81.1,88.6,109.3,1.2,13.8,15.8,29.1,22.5,17.6,0.0,87.7,84.2,50.8,"   $11,493"
049536,Union-Scioto Local,Ross,Region 15,3  Stars,78.5,85.7,109.3,1.1,18.0,15.7,26.5,20.6,18.1,0.0,87.9,83.6,86.7,"    $9,537"
049544,Zane Trace Local,Ross,Region 15,3  Stars,75.3,82.3,109.3,1.2,20.3,18.1,26.0,19.2,15.2,0.0,81.9,79.3,69.7,"   $10,905"
049569,Lakota Local,Sandusky,Region 1,3  Stars,77.1,84.3,109.3,0.0,20.3,17.2,26.7,19.4,14.9,1.5,85.3,84.5,55,"   $12,042"
049577,Woodmore Local,Sandusky,Region 1,4  Stars,80.8,88.3,109.3,0.0,16.4,16.6,26.5,19.8,18.5,2.3,89.2,87.1,45.8,"    $9,698"
049593,Bloom-Vernon Local,Scioto,Region 15,4  Stars,86.4,94.4,109.3,0.1,12.7,11.7,23.0,24.2,28.3,0.0,95.2,91.1,65,"   $11,147"
049601,Clay Local,Scioto,Region 15,3  Stars,75.0,81.9,109.3,0.0,22.5,18.5,24.4,19.1,15.5,0.1,80.4,79.1,82,"   $10,895"
049619,Green Local,Scioto,Region 15,3  Stars,76.4,83.5,109.3,0.0,19.3,19.0,27.9,20.8,12.9,0.0,79.4,77.1,36,"   $13,818"
049627,Minford Local,Scioto,Region 15,3  Stars,75.4,82.4,109.3,0.4,21.6,17.8,26.1,18.1,16.0,0.0,83.1,77.9,66,"    $9,866"
049635,Northwest Local,Scioto,Region 15,3  Stars,77.9,85.1,109.3,0.4,19.5,16.2,24.5,21.9,17.4,0.1,85.8,81.1,78,"   $12,572"
049643,Valley Local,Scioto,Region 15,4  Stars,80.7,88.2,109.3,0.3,16.6,15.2,26.7,20.3,20.9,0.0,89.0,85.8,57,"   $11,723"
049650,Washington-Nile Local,Scioto,Region 15,2  Stars,69.8,76.3,109.3,0.3,27.1,20.3,25.4,17.0,9.9,0.0,77.0,75.8,73,"   $11,277"
049668,Wheelersburg Local,Scioto,Region 15,4  Stars,84.4,92.2,109.3,0.0,14.9,12.8,22.8,21.9,27.6,0.0,94.5,91.3,71.5,"    $8,109"
049684,Seneca East Local,Seneca,Region 7,4  Stars,87.7,95.8,109.3,0.1,9.0,14.0,28.0,23.0,22.7,3.1,98.4,92.7,42.4,"   $12,465"
049700,Hopewell-Loudon Local,Seneca,Region 7,4  Stars,89.0,97.3,109.3,0.0,8.4,13.3,23.8,25.6,27.9,1.0,98.4,95.5,31.8,"   $11,813"
049718,New Riegel Local,Seneca,Region 7,4  Stars,86.9,94.9,109.3,0.2,8.3,15.6,27.0,26.4,22.6,0.0,94.7,92.6,27,"   $14,703"
049726,Old Fort Local,Seneca,Region 7,4  Stars,83.1,90.8,109.3,0.3,12.9,15.7,29.5,21.2,18.0,2.3,89.6,89.8,38.6,"   $13,026"
049759,Anna Local,Shelby,Region 6,5  Stars,92.3,100.9,109.3,0.0,6.9,10.0,22.5,25.0,34.6,1.0,101.2,98.9,54.2,"   $11,229"
049767,Botkins Local,Shelby,Region 6,5  Stars,91.8,100.3,109.3,0.0,8.1,9.7,20.6,25.3,35.3,1.0,101.2,101.7,27.6,"   $11,746"
049775,Fairlawn Local,Shelby,Region 6,4  Stars,87.9,96.0,109.3,0.0,8.2,14.2,27.2,27.0,23.1,0.4,96.3,98.0,24.3,"   $12,345"
049783,Fort Loramie Local,Shelby,Region 6,5  Stars,100.0,109.2,109.3,0.0,1.7,4.9,19.7,26.2,44.3,3.1,108.2,106.8,38,"   $14,884"
049791,Hardin-Houston Local,Shelby,Region 6,4  Stars,84.9,92.7,109.3,0.4,10.4,15.0,29.4,25.2,19.3,0.3,90.6,90.0,38,"   $13,053"
049809,Jackson Center Local,Shelby,Region 6,5  Stars,92.1,100.7,109.3,0.0,6.9,9.9,25.0,23.4,32.7,2.1,99.0,98.3,31.3,"   $11,991"
049817,Russia Local,Shelby,Region 6,5  Stars,96.4,105.3,109.3,1.5,2.6,8.0,16.3,25.6,46.1,0.0,108.2,103.8,25.7,"   $12,141"
049833,Canton Local,Stark,Region 9,3  Stars,74.8,81.8,109.3,0.7,21.7,18.8,24.9,17.0,15.7,1.1,81.7,79.6,84,"   $11,689"
049841,Fairless Local,Stark,Region 9,3  Stars,77.8,85.0,109.3,0.3,17.5,20.3,25.1,18.2,18.0,0.7,84.0,84.3,75,"   $12,063"
049858,Jackson Local,Stark,Region 9,5  Stars,90.6,99.0,109.3,0.2,8.3,10.5,23.4,24.7,31.2,1.7,98.0,97.4,250.8,"   $10,134"
049866,Lake Local,Stark,Region 9,5  Stars,93.1,101.7,109.3,0.2,6.1,9.1,23.3,26.1,33.8,1.4,102.6,101.9,135.3,"   $10,274"
049874,Louisville City,Stark,Region 9,4  Stars,86.5,94.5,109.3,0.2,10.6,14.3,24.8,23.8,24.9,1.5,94.5,93.5,111.8,"    $9,512"
049882,Marlington Local,Stark,Region 9,3  Stars,78.1,85.3,109.3,0.3,18.8,17.0,26.9,19.7,16.0,1.3,88.6,88.6,84.8,"   $12,080"
049890,Minerva Local,Stark,Region 9,3  Stars,79.5,86.8,109.3,0.0,17.3,18.3,24.6,19.1,18.3,2.4,87.1,84.3,77.8,"   $10,436"
049908,Northwest Local,Stark,Region 9,5  Stars,90.7,99.1,109.3,0.2,7.6,11.4,23.1,26.1,29.3,2.3,101.4,98.4,84.5,"   $11,114"
049916,Osnaburg Local,Stark,Region 9,3  Stars,76.0,83.0,109.3,0.2,19.1,21.0,24.8,20.3,13.6,1.0,84.6,81.8,42.1,"    $9,967"
049924,Perry Local,Stark,Region 9,4  Stars,84.2,92.0,109.3,0.5,12.0,14.7,27.0,24.3,20.8,0.6,92.3,90.9,167.1,"   $10,373"
049932,Plain Local,Stark,Region 9,4  Stars,83.1,90.8,109.3,0.3,15.1,13.8,24.2,21.5,24.2,0.8,89.8,90.2,216.5,"    $9,076"
049940,Sandy Valley Local,Stark,Region 9,3  Stars,79.0,86.3,109.3,0.2,17.4,17.6,27.4,19.5,16.7,1.2,87.8,84.1,65,"   $10,872"
049957,Tuslaw Local,Stark,Region 9,5  Stars,90.1,98.5,109.3,0.2,8.2,11.1,25.2,24.0,29.5,1.8,99.2,97.4,53.1,"   $10,221"
049973,Woodridge Local,Summit,Region 8,3  Stars,76.2,83.3,109.3,0.7,21.5,17.1,21.9,19.1,19.1,0.5,84.9,83.5,94.1,"   $12,238"
049981,Copley-Fairlawn City,Summit,Region 8,4  Stars,89.4,97.6,109.3,0.7,9.4,11.4,22.4,21.2,30.9,4.0,99.8,98.1,136.2,"   $13,355"
049999,Coventry Local,Summit,Region 8,3  Stars,77.0,84.1,109.3,1.1,16.8,20.5,26.6,18.9,15.6,0.5,85.8,83.8,71,"   $11,945"
050005,Manchester Local,Summit,Region 8,4  Stars,87.9,96.0,109.3,0.0,9.5,12.3,28.9,24.3,23.5,1.5,95.5,94.3,66.7,"   $12,598"
050013,Green Local,Summit,Region 8,5  Stars,90.4,98.7,109.3,0.5,7.4,11.3,24.2,25.5,30.1,1.1,98.6,97.7,173.5,"   $10,512"
050021,Hudson City,Summit,Region 8,5  Stars,97.8,106.9,109.3,0.8,4.0,5.0,17.1,25.9,42.7,4.6,105.1,103.5,208.7,"   $14,559"
050039,Mogadore Local,Summit,Region 8,4  Stars,81.8,89.4,109.3,0.3,12.8,17.3,31.4,21.7,15.9,0.6,89.0,89.1,40.8,"   $13,220"
050047,Nordonia Hills City,Summit,Region 8,4  Stars,88.5,96.7,109.3,0.6,8.8,12.0,26.2,23.9,26.7,1.8,99.0,96.5,164,"   $15,054"
050054,Revere Local,Summit,Region 8,5  Stars,95.7,104.6,109.3,0.3,4.5,8.2,19.9,24.3,39.9,3.0,103.8,102.1,139,"   $13,001"
050062,Springfield Local,Summit,Region 8,3  Stars,71.8,78.4,109.3,0.1,24.7,20.9,25.3,16.1,12.9,0.0,77.6,77.1,75,"   $10,028"
050070,Twinsburg City,Summit,Region 8,4  Stars,88.4,96.6,109.3,0.6,9.3,13.2,22.7,21.7,29.1,3.3,97.9,96.0,168,"   $12,922"
050096,Bloomfield-Mespo Local,Trumbull,Region 5,2  Stars,68.6,75.0,109.3,0.0,32.0,17.6,19.4,19.1,10.4,1.4,77.0,83.6,21.5,"   $14,885"
050112,Bristol Local,Trumbull,Region 5,4  Stars,80.2,87.7,109.3,1.0,15.6,16.1,27.4,19.3,20.6,0.0,84.9,85.4,30.1,"   $10,912"
050120,Brookfield Local,Trumbull,Region 5,3  Stars,71.0,77.5,109.3,0.6,25.2,20.1,26.8,16.7,10.2,0.4,78.9,75.7,55.5,"    $9,334"
050138,Champion Local,Trumbull,Region 5,4  Stars,86.8,94.8,109.3,2.0,9.1,12.5,24.6,24.1,24.6,3.0,94.8,94.7,61.6,"   $11,723"
050153,Mathews Local,Trumbull,Region 5,3  Stars,78.1,85.3,109.3,1.2,17.4,17.3,25.8,20.2,17.9,0.2,87.8,86.1,40.3,"   $14,995"
050161,Howland Local,Trumbull,Region 5,4  Stars,84.0,91.7,109.3,0.6,13.1,14.9,24.8,21.5,23.3,1.9,91.8,87.4,110,"   $11,569"
050179,Joseph Badger Local,Trumbull,Region 5,4  Stars,82.4,90.0,109.3,0.0,14.6,16.3,25.4,22.8,18.0,2.9,87.7,84.9,31.2,"   $12,989"
050187,Lakeview Local,Trumbull,Region 5,5  Stars,90.2,98.6,109.3,0.2,8.3,11.5,23.6,25.1,27.3,4.1,99.4,98.1,67.3,"    $9,247"
050195,Liberty Local,Trumbull,Region 5,2  Stars,65.6,71.7,109.3,1.7,28.9,23.7,24.4,12.6,8.5,0.3,72.2,68.6,54.9,"    $9,310"
050203,Lordstown Local,Trumbull,Region 5,4  Stars,89.2,97.5,109.3,0.6,6.2,14.0,26.0,25.9,27.3,0.0,94.8,90.3,31.2,"   $17,307"
050211,Maplewood Local,Trumbull,Region 5,5  Stars,92.3,100.8,109.3,0.0,6.1,9.0,28.0,28.9,25.8,2.2,96.2,98.4,40.8,"   $11,258"
050229,McDonald Local,Trumbull,Region 5,4  Stars,88.6,96.8,109.3,0.3,7.7,13.0,30.0,24.0,22.6,2.4,95.6,93.8,40.3,"   $10,772"
050237,Southington Local,Trumbull,Region 5,4  Stars,81.0,88.5,109.3,0.0,15.2,17.5,27.0,20.3,19.3,0.8,93.0,91.3,30,"    $9,754"
050245,LaBrae Local,Trumbull,Region 5,3  Stars,76.6,83.7,109.3,0.4,18.6,20.3,25.9,18.8,14.1,1.9,85.5,82.7,55.1,"   $10,240"
050252,Weathersfield Local,Trumbull,Region 5,5  Stars,91.5,99.9,109.3,0.0,9.0,9.3,20.6,23.5,36.8,0.9,97.9,93.8,45,"   $10,655"
050278,Garaway Local,Tuscarawas,Region 12,4  Stars,87.5,95.6,109.3,0.1,10.3,11.8,27.3,25.1,25.1,0.3,94.4,92.2,54,"   $10,718"
050286,Indian Valley Local,Tuscarawas,Region 12,4  Stars,84.8,92.6,109.3,0.2,13.0,14.0,25.4,21.9,22.6,2.8,92.7,91.5,83,"   $11,557"
050294,Strasburg-Franklin Local,Tuscarawas,Region 12,3  Stars,79.5,86.8,109.3,0.1,16.2,18.3,28.2,19.7,16.7,0.9,89.4,88.4,33,"   $11,345"
050302,Tuscarawas Valley Local,Tuscarawas,Region 12,4  Stars,84.9,92.7,109.3,0.0,11.3,15.3,27.7,24.9,20.3,0.6,94.7,93.4,61.3,"   $11,283"
050328,Fairbanks Local,Union,Region 11,5  Stars,90.7,99.1,109.3,0.1,8.9,9.4,24.4,24.1,31.7,1.5,98.1,95.8,47.6,"   $11,986"
050336,North Union Local School District,Union,Region 11,4  Stars,80.9,88.4,109.3,0.4,15.8,16.7,27.1,18.2,18.5,3.4,91.3,87.9,64,"   $12,252"
050351,Crestview Local,Van Wert,Region 1,4  Stars,89.7,98.0,109.3,0.2,7.3,11.4,28.6,25.6,26.8,0.0,97.9,96.7,50.6,"   $11,911"
050369,Lincolnview Local,Van Wert,Region 1,4  Stars,85.7,93.7,109.3,0.0,11.3,13.4,29.2,24.6,19.9,1.6,97.0,94.9,45.1,"   $12,513"
050393,Vinton County Local,Vinton,Region 16,3  Stars,74.3,81.1,109.3,0.0,21.8,19.6,28.6,17.3,12.4,0.2,79.6,76.9,97.4,"   $12,082"
050419,Carlisle Local,Warren,Region 13,3  Stars,78.9,86.2,109.3,0.3,15.2,19.6,30.1,20.5,14.0,0.4,86.2,84.2,71.9,"   $12,237"
050427,Springboro Community City,Warren,Region 13,5  Stars,90.8,99.3,109.3,0.4,7.6,10.6,23.3,25.7,30.3,2.1,99.7,98.1,227.9,"    $9,254"
050435,Kings Local,Warren,Region 13,4  Stars,88.5,96.7,109.3,1.0,8.7,11.8,24.7,23.3,28.9,1.5,97.5,97.7,199.4,"   $10,770"
050443,Little Miami Local,Warren,Region 13,4  Stars,83.9,91.6,109.3,0.4,13.6,14.3,24.9,22.4,22.0,2.3,91.8,90.4,248.8,"   $10,792"
050450,Mason City,Warren,Region 13,5  Stars,94.4,103.1,109.3,0.8,6.4,8.3,19.4,21.6,35.6,7.9,102.5,100.9,404.4,"   $11,655"
050468,Wayne Local,Warren,Region 13,5  Stars,93.7,102.4,109.3,0.2,6.9,9.0,19.9,22.1,38.4,3.5,102.0,102.6,70.2,"   $11,412"
050484,Fort Frye Local,Washington,Region 16,4  Stars,83.3,91.0,109.3,0.2,13.3,14.7,28.3,24.0,18.4,1.0,90.6,90.9,46.5,"   $13,219"
050492,Frontier Local,Washington,Region 16,3  Stars,74.6,81.5,109.3,0.8,20.0,20.8,26.7,18.5,13.2,0.1,80.8,80.7,33.1,"   $12,711"
050500,Warren Local,Washington,Region 16,4  Stars,82.1,89.7,109.3,0.2,13.5,17.1,28.0,22.4,18.4,0.6,90.2,87.9,86,"   $10,011"
050518,Wolf Creek Local,Washington,Region 16,3  Stars,77.2,84.4,109.3,0.6,16.6,20.2,29.6,19.4,12.5,0.9,86.6,80.6,34.5,"   $13,957"
050534,Chippewa Local,Wayne,Region 9,5  Stars,92.8,101.4,109.3,0.0,4.4,11.6,27.6,24.3,29.0,3.0,98.5,97.0,58,"   $10,677"
050542,Dalton Local,Wayne,Region 9,5  Stars,90.6,99.0,109.3,0.3,7.6,10.9,26.1,23.1,28.8,3.2,98.6,96.8,40.6,"   $10,538"
050559,Green Local,Wayne,Region 9,4  Stars,86.7,94.7,109.3,0.1,10.6,14.0,25.5,23.0,25.2,1.6,94.4,93.8,52.3,"   $10,386"
050567,Norwayne Local,Wayne,Region 9,5  Stars,90.5,98.9,109.3,0.8,5.3,12.3,27.6,25.7,27.2,1.0,98.0,95.5,55.9,"    $9,584"
050575,Northwestern Local,Wayne,Region 9,4  Stars,82.7,90.3,109.3,0.3,14.5,14.4,26.5,23.2,21.1,0.0,91.0,90.0,62.5,"   $10,809"
050583,Southeast Local,Wayne,Region 9,4  Stars,82.5,90.2,109.3,0.2,15.1,14.8,24.8,23.1,20.6,1.4,92.0,90.1,74.6,"   $11,160"
050591,Triway Local,Wayne,Region 9,4  Stars,86.0,93.9,109.3,0.2,10.5,14.3,28.3,22.8,22.3,1.6,94.8,93.8,74,"   $12,598"
050617,Edgerton Local,Williams,Region 1,4  Stars,86.6,94.7,109.3,0.3,11.0,13.9,24.1,23.1,24.2,3.4,92.1,89.3,31.7,"   $12,380"
050625,Edon Northwest Local,Williams,Region 1,4  Stars,83.0,90.6,109.3,0.0,13.4,14.8,31.0,22.7,17.5,0.5,90.1,88.7,30.9,"   $11,332"
050633,Millcreek-West Unity Local,Williams,Region 1,3  Stars,78.8,86.1,109.3,0.0,14.2,21.8,29.1,22.5,12.1,0.3,88.8,88.4,27.6,"   $12,870"
050641,North Central Local,Williams,Region 1,3  Stars,74.5,81.4,109.3,0.0,20.2,21.8,28.2,18.7,10.4,0.8,82.2,79.8,30,"   $13,821"
050658,Stryker Local,Williams,Region 1,3  Stars,77.5,84.6,109.3,0.0,17.4,19.0,32.3,18.8,12.6,0.0,85.7,83.4,25,"   $13,163"
050674,Eastwood Local,Wood,Region 1,5  Stars,90.2,98.6,109.3,0.0,8.0,11.0,26.9,24.3,27.7,2.1,98.3,97.8,71.7,"   $12,510"
050682,Elmwood Local,Wood,Region 1,3  Stars,78.4,85.7,109.3,0.5,16.8,18.7,27.4,20.2,15.9,0.5,89.9,87.0,64.8,"   $11,868"
050690,Lake Local,Wood,Region 1,3  Stars,77.0,84.2,109.3,0.5,19.8,17.3,26.0,18.8,17.0,0.6,86.7,82.8,78.7,"   $11,620"
050708,North Baltimore Local,Wood,Region 1,3  Stars,73.7,80.5,109.3,1.2,22.0,19.1,25.2,18.4,13.9,0.2,81.0,79.7,36.3,"   $14,245"
050716,Northwood Local Schools,Wood,Region 1,3  Stars,73.4,80.2,109.3,0.4,23.0,19.0,29.1,16.8,10.6,1.3,79.7,80.0,44,"   $13,142"
050724,Otsego Local,Wood,Region 1,4  Stars,80.2,87.6,109.3,0.1,15.6,17.6,27.1,21.9,17.7,0.0,87.7,84.6,67.4,"   $10,721"
050740,Mohawk Local,Wyandot,Region 7,4  Stars,87.6,95.7,109.3,0.1,9.5,14.6,24.4,22.0,27.4,2.1,96.5,93.2,46.5,"   $14,667"
061903,Adams County Ohio Valley Local,Adams,Region 14,3  Stars,73.1,79.9,109.3,0.6,23.8,18.3,26.1,17.9,13.2,0.2,80.4,78.6,166,"   $11,089"
065680,Gallia County Local,Gallia,Region 16,2  Stars,69.5,75.9,109.3,0.3,28.0,20.6,23.9,15.4,10.6,1.2,76.7,74.3,106,"    $9,781"
069682,East Guernsey Local,Guernsey,Region 12,3  Stars,71.5,78.1,109.3,0.3,24.9,20.6,25.6,17.0,11.5,0.2,82.5,78.1,45.5,"   $12,810"
091397,Tri-County North Local,Preble,Region 10,3  Stars,75.5,82.5,109.3,1.6,18.6,18.9,27.9,20.1,12.3,0.6,85.4,84.1,42.2,"   $13,793"
139303,Monroe Local,Butler,Region 13,4  Stars,86.6,94.6,109.3,0.2,11.9,12.4,23.7,23.4,27.1,1.2,94.1,93.8,112.1,"    $9,986"